Reference,Group,Genus,Species,ID,Habitat,Volume,Temperature,Growth
Aelion and Chisolmn 1985,Ciliates,Favella,Favella sp.,A,Marine,593405,8,0.14
Aelion and Chisolmn 1985,Ciliates,Favella,Favella sp.,A,Marine,593405,8,0.13
Aelion and Chisolmn 1985,Ciliates,Favella,Favella sp.,A,Marine,593405,8,0.19
Aelion and Chisolmn 1985,Ciliates,Favella,Favella sp.,A,Marine,593405,11.4,0.36
Aelion and Chisolmn 1985,Ciliates,Favella,Favella sp.,A,Marine,593405,11.4,0.4
Aelion and Chisolmn 1985,Ciliates,Favella,Favella sp.,A,Marine,593405,11.4,0.43
Aelion and Chisolmn 1985,Ciliates,Favella,Favella sp.,A,Marine,593405,11.4,0.48
Aelion and Chisolmn 1985,Ciliates,Favella,Favella sp.,A,Marine,593405,11.4,0.53
Aelion and Chisolmn 1985,Ciliates,Favella,Favella sp.,A,Marine,593405,16.3,0.45
Aelion and Chisolmn 1985,Ciliates,Favella,Favella sp.,A,Marine,593405,16.3,0.51
Aelion and Chisolmn 1985,Ciliates,Favella,Favella sp.,A,Marine,593405,16.3,0.57
Aelion and Chisolmn 1985,Ciliates,Favella,Favella sp.,A,Marine,593405,16.4,0.62
Aelion and Chisolmn 1985,Ciliates,Favella,Favella sp.,A,Marine,593405,16.3,0.71
Aelion and Chisolmn 1985,Ciliates,Favella,Favella sp.,A,Marine,593405,16.3,0.74
Aelion and Chisolmn 1985,Ciliates,Favella,Favella sp.,A,Marine,593405,16.3,0.76
Aelion and Chisolmn 1985,Ciliates,Favella,Favella sp.,A,Marine,593405,16.3,0.78
Aelion and Chisolmn 1985,Ciliates,Favella,Favella sp.,A,Marine,593405,18.8,0.84
Aelion and Chisolmn 1985,Ciliates,Favella,Favella sp.,A,Marine,593405,18.8,0.78
Aelion and Chisolmn 1985,Ciliates,Favella,Favella sp.,A,Marine,593405,16.4,0.79
Aelion and Chisolmn 1985,Ciliates,Favella,Favella sp.,A,Marine,593405,18.7,0.54
Aelion and Chisolmn 1985,Ciliates,Favella,Favella sp.,A,Marine,593405,18.6,0.48
Aelion and Chisolmn 1985,Ciliates,Favella,Favella sp.,A,Marine,593405,18.7,0.47
Aelion and Chisolmn 1985,Ciliates,Favella,Favella sp.,A,Marine,593405,18.7,0.44
Aelion and Chisolmn 1985,Ciliates,Favella,Favella sp.,A,Marine,593405,18.7,0.43
Aelion and Chisolmn 1985,Ciliates,Favella,Favella sp.,A,Marine,593405,18.7,0.41
Aelion and Chisolmn 1985,Ciliates,Favella,Favella sp.,A,Marine,593405,20.8,0.54
Aelion and Chisolmn 1985,Ciliates,Favella,Favella sp.,A,Marine,593405,20.8,0.67
Aelion and Chisolmn 1985,Ciliates,Favella,Favella sp.,A,Marine,593405,20.9,0.74
Aelion and Chisolmn 1985,Ciliates,Favella,Favella sp.,A,Marine,593405,20.8,0.87
Aelion and Chisolmn 1985,Ciliates,Favella,Favella sp.,A,Marine,593405,20.8,0.88
Fenchel 1968,Ciliates,Uronema,Uronema marina,Z,Marine,461,0,0.15
Fenchel 1968,Ciliates,Uronema,Uronema marina,Z,Marine,461,4,0.56
Fenchel 1968,Ciliates,Uronema,Uronema marina,Z,Marine,461,9,1.9
Fenchel 1968,Ciliates,Uronema,Uronema marina,Z,Marine,461,12,1.9
Fenchel 1968,Ciliates,Uronema,Uronema marina,Z,Marine,461,17,4.5
Fenchel 1968,Ciliates,Uronema,Uronema marina,Z,Marine,461,20,6.8
Fenchel 1968,Ciliates,Aspidisca,Aspidisca angulata,AA,Marine,3961,4,0.42
Fenchel 1968,Ciliates,Aspidisca,Aspidisca angulata,AA,Marine,3961,7.6,0.75
Fenchel 1968,Ciliates,Aspidisca,Aspidisca angulata,AA,Marine,3961,9.3,0.91
Fenchel 1968,Ciliates,Aspidisca,Aspidisca angulata,AA,Marine,3961,12,1.3
Fenchel 1968,Ciliates,Aspidisca,Aspidisca angulata,AA,Marine,3961,17.2,2
Fenchel 1968,Ciliates,Aspidisca,Aspidisca angulata,AA,Marine,3961,20,3.7
Fenchel 1968,Ciliates,Litonotus,Litonotus lamella,AB,Marine,5620,5,0.3
Fenchel 1968,Ciliates,Litonotus,Litonotus lamella,AB,Marine,5620,10,0.6
Fenchel 1968,Ciliates,Litonotus,Litonotus lamella,AB,Marine,5620,23,1.7
Fenchel 1968,Ciliates,Diophrys,Diophrys scutum,AC,Marine,525270,15,0.61
Fenchel 1968,Ciliates,Diophrys,Diophrys scutum,AC,Marine,525270,20,0.74
Fenchel 1968,Ciliates,Diophrys,Diophrys scutum,AC,Marine,525270,27,1.6
Finlay 1977,Ciliates,Vorticella,Vorticella microstoma,AD,Freshwater,25882,8.5,0.29
Finlay 1977,Ciliates,Vorticella,Vorticella microstoma,AD,Freshwater,17223,15,1.45
Finlay 1977,Ciliates,Vorticella,Vorticella microstoma,AD,Freshwater,21531,20,2.61
Finlay 1977,Ciliates,Cyclidium,Cyclidium glaucoma,AE,Freshwater,2961,8.5,0.22
Finlay 1977,Ciliates,Cyclidium,Cyclidium glaucoma,AE,Freshwater,1570,15,1.22
Finlay 1977,Ciliates,Cyclidium,Cyclidium glaucoma,AE,Freshwater,2795,20,2.37
Finlay 1977,Ciliates,Tetrahymena,Tetrahymen apyriformis,AF,Freshwater,9665,8.5,0.53
Finlay 1977,Ciliates,Tetrahymena,Tetrahymen apyriformis,AF,Freshwater,8133,15,1.3
Finlay 1977,Ciliates,Tetrahymena,Tetrahymen apyriformis,AF,Freshwater,7986,20,2.05
Finlay 1977,Ciliates,Chilodonella,Chilodonella uncinata,AG,Freshwater,6035,8.5,0.72
Finlay 1977,Ciliates,Chilodonella,Chilodonella uncinata,AG,Freshwater,5592,15,1.19
Finlay 1977,Ciliates,Chilodonella,Chilodonella uncinata,AG,Freshwater,6873,20,1.56
Finlay 1977,Ciliates,Colpidium,Colpidium campylum,AH,Freshwater,63235,8.5,0.34
Finlay 1977,Ciliates,Colpidium,Colpidium campylum,AH,Freshwater,43297,15,0.87
Finlay 1977,Ciliates,Colpidium,Colpidium campylum,AH,Freshwater,42394,20,1.32
Finlay 1977,Ciliates,Loxocephalus,Loxocephalus plagius,AI,Freshwater,37529,8.5,0.23
Finlay 1977,Ciliates,Loxocephalus,Loxocephalus plagius,AI,Freshwater,31191,15,0.54
Finlay 1977,Ciliates,Loxocephalus,Loxocephalus plagius,AI,Freshwater,30517,20,1.19
Finlay 1977,Ciliates,Paramecium,Paramecium aurelia,AJ,Freshwater,178225,8.5,0.15
Finlay 1977,Ciliates,Paramecium,Paramecium aurelia,AJ,Freshwater,266025,15,0.55
Finlay 1977,Ciliates,Paramecium,Paramecium aurelia,AJ,Freshwater,253998,20,0.96
Finlay 1977,Ciliates,Paramecium,Paramecium bursaria,AK,Freshwater,272101,8.5,0.19
Finlay 1977,Ciliates,Paramecium,Paramecium bursaria,AK,Freshwater,211600,15,0.46
Finlay 1977,Ciliates,Paramecium,Paramecium bursaria,AK,Freshwater,170803,20,0.82
Finlay 1977,Ciliates,Stentor,Stentor polymorphus,AL,Freshwater,1269000,8.5,0.12
Finlay 1977,Ciliates,Stentor,Stentor polymorphus,AL,Freshwater,1933000,15,0.27
Finlay 1977,Ciliates,Stentor,Stentor polymorphus,AL,Freshwater,2366000,20,0.39
Finlay 1977,Ciliates,Spirostomum,Spirostomum teres,AM,Freshwater,212504,8.5,0.02
Finlay 1977,Ciliates,Spirostomum,Spirostomum teres,AM,Freshwater,217400,15,0.18
Finlay 1977,Ciliates,Spirostomum,Spirostomum teres,AM,Freshwater,216150,20,0.2
Laybourn and Stewart 1974,Ciliates,Colpidium,Oxyrrhis marina,AN,Freshwater,43297,20,1.25
Laybourn and Stewart 1974,Ciliates,Colpidium,Oxyrrhis marina,AN,Freshwater,43297,15,0.75
Laybourn and Stewart 1974,Ciliates,Colpidium,Oxyrrhis marina,AN,Freshwater,43297,10,0.49
Lee and Fenchel 1972,Ciliates,Euplotes,Euplotes vannus,AP,Marine,59000,8,0.23
Lee and Fenchel 1972,Ciliates,Euplotes,Euplotes vannus,AP,Marine,59000,10,0.32
Lee and Fenchel 1972,Ciliates,Euplotes,Euplotes vannus,AP,Marine,59000,15,0.68
Lee and Fenchel 1972,Ciliates,Euplotes,Euplotes vannus,AP,Marine,59000,21,1.85
Lee and Fenchel 1972,Ciliates,Euplotes,Euplotes vannus,AP,Marine,59000,26,2.31
Lee and Fenchel 1972,Ciliates,Euplotes,Euplotes vannus,AP,Marine,59000,28,2.23
Lee and Fenchel 1972,Ciliates,Euplotes,Euplotes balteatus,AQ,Marine,17000,5,0.31
Lee and Fenchel 1972,Ciliates,Euplotes,Euplotes balteatus,AQ,Marine,17000,8,0.55
Lee and Fenchel 1972,Ciliates,Euplotes,Euplotes balteatus,AQ,Marine,17000,10,0.76
Lee and Fenchel 1972,Ciliates,Euplotes,Euplotes balteatus,AQ,Marine,17000,17,2
Lee and Fenchel 1972,Ciliates,Euplotes,Euplotes balteatus,AQ,Marine,17000,22,4.27
Lee and Fenchel 1972,Ciliates,Euplotes,Euplotes balteatus,AQ,Marine,12000,25,4.62
Lee and Fenchel 1972,Ciliates,Euplotes,Euplotes balteatus,AQ,Marine,8000,28,5.04
Lee and Fenchel 1972,Ciliates,Euplotes,Euplotes balteatus,AQ,Marine,8000,31,5.04
Lee and Fenchel 1972,Ciliates,Euplotes,Euplotes balteatus,AQ,Marine,6000,33,4.5
Lee and Fenchel 1972,Ciliates,Euplotes,Euplotes balteatus,AQ,Marine,6000,37,4.5
Lee and Fenchel 1972,Ciliates,Euplotes,Euplotes balteatus,AQ,Marine,6000,40,2.25
Lee and Fenchel 1972,Ciliates,Euplotes,Euplotes antarcticus,AR,Marine,,0,0.16
Lee and Fenchel 1972,Ciliates,Euplotes,Euplotes antarcticus,AR,Marine,,5,0.28
Lee and Fenchel 1972,Ciliates,Euplotes,Euplotes antarcticus,AR,Marine,,10,0.28
Martinez 1980,Ciliates,Euplotes,Euplotes crassus,AS,Marine,159882,20,1.21
Martinez 1980,Ciliates,Euplotes,Euplotes crassus,AS,Marine,159882,23,1.43
Martinez 1980,Ciliates,Euplotes,Euplotes crassus,AS,Marine,159882,27,1.62
Martinez 1980,Ciliates,Euplotes,Euplotes crassus,AS,Marine,159882,29,1.99
Martinez 1980,Ciliates,Euplotes,Euplotes crassus,AS,Marine,159882,30,1.65
Martinez 1980,Ciliates,Strombidium,Strombidium sulcatum,AT,Marine,19388,20,0.93
Martinez 1980,Ciliates,Strombidium,Strombidium sulcatum,AT,Marine,19388,25,1.29
Martinez 1980,Ciliates,Strombidium,Strombidium sulcatum,AT,Marine,19388,27,1.46
Martinez 1980,Ciliates,Strombidium,Strombidium sulcatum,AT,Marine,19388,29,1.67
Martinez 1980,Ciliates,Strombidium,Strombidium sulcatum,AT,Marine,19388,31,2.3
Martinez 1980,Ciliates,Strombidium,Strombidium sulcatum,AT,Marine,19388,33,1.07
Martinez 1980,Ciliates,Euplotes,Euplotes harpa,AU,Marine,578615,20,0.46
Martinez 1980,Ciliates,Euplotes,Euplotes harpa,AU,Marine,578615,25,0.56
Martinez 1980,Ciliates,Euplotes,Euplotes harpa,AU,Marine,578615,27,0.59
Martinez 1980,Ciliates,Euplotes,Euplotes harpa,AU,Marine,578615,30,0.79
Martinez 1980,Ciliates,Paratetrahymena,Paratetrahymena wassi,AV,Marine,25525,20,0.44
Martinez 1980,Ciliates,Paratetrahymena,Paratetrahymena wassi,AV,Marine,25525,25,0.78
Martinez 1980,Ciliates,Paratetrahymena,Paratetrahymena wassi,AV,Marine,25525,27,1.07
Martinez 1980,Ciliates,Paratetrahymena,Paratetrahymena wassi,AV,Marine,25525,29,1.53
Martinez 1980,Ciliates,Paratetrahymena,Paratetrahymena wassi,AV,Marine,25525,30,1.9
Martinez 1980,Ciliates,Paratetrahymena,Paratetrahymena wassi,AV,Marine,25525,34,2.24
Martinez 1980,Ciliates,Paratetrahymena,Paratetrahymena wassi,AV,Marine,25525,35,1.74
Martinez 1980,Ciliates,Condylostoma,Condylostoma arenarium,AW,Marine,1703397,20,0.39
Martinez 1980,Ciliates,Condylostoma,Condylostoma arenarium,AW,Marine,1703397,25,0.52
Martinez 1980,Ciliates,Condylostoma,Condylostoma arenarium,AW,Marine,1703397,27,0.64
Martinez 1980,Ciliates,Condylostoma,Condylostoma arenarium,AW,Marine,1703397,29,0.78
Martinez 1980,Ciliates,Condylostoma,Condylostoma arenarium,AW,Marine,1703397,31,0.69
Martinez 1980,Ciliates,Euplotes,Euplotes trisulcatus,AX,Marine,37322,20,0.35
Martinez 1980,Ciliates,Euplotes,Euplotes trisulcatus,AX,Marine,37322,25,0.64
Martinez 1980,Ciliates,Euplotes,Euplotes trisulcatus,AX,Marine,37322,29,1.06
Martinez 1980,Ciliates,Euplotes,Euplotes trisulcatus,AX,Marine,37322,31,1.28
Martinez 1980,Ciliates,Euplotes,Euplotes trisulcatus,AX,Marine,37322,33,1.34
Martinez 1980,Ciliates,Euplotes,Euplotes trisulcatus,AX,Marine,37322,35,0.82
Martinez 1980,Ciliates,Uronema,Uronema marinum,XXX,Marine,,20,6.9
Martinez 1980,Ciliates,Uronema,Uronema marinum,XXX,Marine,,25,8.25
Martinez 1980,Ciliates,Uronema,Uronema marinum,XXX,Marine,,27,7.41
Muller 1991,Ciliates,Pseudobalanion,Pseudobalanion planctonicum,AY,Freshwater,1201,5.5,0.463
Muller 1991,Ciliates,Pseudobalanion,Pseudobalanion planctonicum,AY,Freshwater,1269,9,0.83
Muller 1991,Ciliates,Pseudobalanion,Pseudobalanion planctonicum,AY,Freshwater,1419,12,0.96
Muller 1991,Ciliates,Pseudobalanion,Pseudobalanion planctonicum,AY,Freshwater,1236,15.5,1.257
Muller 1991,Ciliates,Pseudobalanion,Pseudobalanion planctonicum,AY,Freshwater,1437,18.5,1.507
Muller 1991,Ciliates,Pseudobalanion,Pseudobalanion planctonicum,AY,Freshwater,1310,21.5,0
Muller and Geller 1993,Ciliates,Urotricha,Urotricha furcata,AZ,Freshwater,2750,5.5,0.46
Muller and Geller 1993,Ciliates,Urotricha,Urotricha furcata,AZ,Freshwater,2750,9,0.52
Muller and Geller 1993,Ciliates,Urotricha,Urotricha furcata,AZ,Freshwater,2750,12,0.66
Muller and Geller 1993,Ciliates,Urotricha,Urotricha furcata,AZ,Freshwater,2750,15.5,0.75
Muller and Geller 1993,Ciliates,Urotricha,Urotricha furcata,AZ,Freshwater,2750,18.5,1.33
Muller and Geller 1993,Ciliates,Urotricha,Urotricha furcata,AZ,Freshwater,2750,21.5,1.72
Muller and Geller 1993,Ciliates,Pelagostrombidium,Pelagostrombidium fallax,BA,Freshwater,36200,5.5,0.03
Muller and Geller 1993,Ciliates,Pelagostrombidium,Pelagostrombidium fallax,BA,Freshwater,36200,9,0.21
Muller and Geller 1993,Ciliates,Pelagostrombidium,Pelagostrombidium fallax,BA,Freshwater,36200,12,0.42
Muller and Geller 1993,Ciliates,Pelagostrombidium,Pelagostrombidium fallax,BA,Freshwater,36200,15.5,0.57
Muller and Geller 1993,Ciliates,Pelagostrombidium,Pelagostrombidium fallax,BA,Freshwater,36200,18.5,0.76
Muller and Geller 1993,Ciliates,Pelagostrombidium,Pelagostrombidium fallax,BA,Freshwater,36200,21.5,0.9
Muller and Geller 1993,Ciliates,Strobilidium,Strobilidium lacustris,BB,Freshwater,71800,5.5,0.43
Muller and Geller 1993,Ciliates,Strobilidium,Strobilidium lacustris,BB,Freshwater,71800,9,0.6
Muller and Geller 1993,Ciliates,Strobilidium,Strobilidium lacustris,BB,Freshwater,71800,12,0.7
Muller and Geller 1993,Ciliates,Strobilidium,Strobilidium lacustris,BB,Freshwater,71800,15.5,0.99
Muller and Geller 1993,Ciliates,Strobilidium,Strobilidium lacustris,BB,Freshwater,71800,18.5,1.38
Muller and Geller 1993,Ciliates,Strobilidium,Strobilidium lacustris,BB,Freshwater,71800,21.5,1.42
Muller and Geller 1993,Ciliates,Pelagostrombidium,Pelagostrombidium planc,XXY,Freshwater,,5.5,0.46
Muller and Geller 1993,Ciliates,Pelagostrombidium,Pelagostrombidium planc,XXY,Freshwater,,9,0.83
Muller and Geller 1993,Ciliates,Pelagostrombidium,Pelagostrombidium planc,XXY,Freshwater,,12,0.94
Muller and Geller 1993,Ciliates,Pelagostrombidium,Pelagostrombidium planc,XXY,Freshwater,,15.5,1.24
Muller and Geller 1993,Ciliates,Pelagostrombidium,Pelagostrombidium planc,XXY,Freshwater,,18.5,1.52
Walton et al. 1995,Ciliates,Euplotes,Euplotes vannus,BD,Marine,59000,10,0.26
Walton et al. 1995,Ciliates,Euplotes,Euplotes vannus,BD,Marine,59000,15,0.62
Walton et al. 1995,Ciliates,Euplotes,Euplotes vannus,BD,Marine,59000,20,1.22
Walton et al. 1995,Ciliates,Euplotes,Euplotes vannus,BD,Marine,59000,25,1.01
Walton et al. 1995,Ciliates,Euplotes,Euplotes vannus,BD,Marine,59000,30,1.32
Walton et al. 1995,Ciliates,Euplotes,Euplotes vannus,BE,Marine,59000,10,0.31
Walton et al. 1995,Ciliates,Euplotes,Euplotes vannus,BE,Marine,59000,15,0.24
Walton et al. 1995,Ciliates,Euplotes,Euplotes vannus,BE,Marine,59000,20,1.13
Walton et al. 1995,Ciliates,Euplotes,Euplotes vannus,BE,Marine,59000,25,0.62
Walton et al. 1995,Ciliates,Euplotes,Euplotes vannus,BE,Marine,59000,30,0.86
Walton et al. 1995,Ciliates,Euplotes,Euplotes vannus,BF,Marine,59000,10,0.12
Walton et al. 1995,Ciliates,Euplotes,Euplotes vannus,BF,Marine,59000,15,0.62
Walton et al. 1995,Ciliates,Euplotes,Euplotes vannus,BF,Marine,59000,20,0.82
Walton et al. 1995,Ciliates,Euplotes,Euplotes vannus,BF,Marine,59000,25,0.82
Walton et al. 1995,Ciliates,Euplotes,Euplotes vannus,BF,Marine,59000,30,0.6
Walton et al. 1995,Ciliates,Euplotes,Euplotes vannus,BG,Marine,59000,10,0.58
Walton et al. 1995,Ciliates,Euplotes,Euplotes vannus,BG,Marine,59000,15,0.36
Walton et al. 1995,Ciliates,Euplotes,Euplotes vannus,BG,Marine,59000,20,0.82
Walton et al. 1995,Ciliates,Euplotes,Euplotes vannus,BG,Marine,59000,25,1.3
Walton et al. 1995,Ciliates,Euplotes,Euplotes vannus,BG,Marine,59000,30,0.82
Weisse and Montagnes 1998,Ciliates,Urotricha,Urotricha furcata,BH,Freshwater,2090,10,0.25
Weisse and Montagnes 1998,Ciliates,Urotricha,Urotricha furcata,BH,Freshwater,1400,15,0.8
Weisse and Montagnes 1998,Ciliates,Urotricha,Urotricha furcata,BH,Freshwater,1140,20,1
Weisse and Montagnes 1998,Ciliates,Urotricha,Urotricha furcata,BH,Freshwater,1100,25,1
Weisse and Montagnes 1998,Ciliates,Urotricha,Urotricha furcata,BI,Freshwater,2138,10,0.43
Weisse and Montagnes 1998,Ciliates,Urotricha,Urotricha furcata,BI,Freshwater,1864,15,0.84
Weisse and Montagnes 1998,Ciliates,Urotricha,Urotricha furcata,BI,Freshwater,1093,25,0.95
Weisse and Montagnes 1998,Ciliates,Urotricha,Urotricha furcata,BJ,Freshwater,1044,10,0.44
Weisse and Montagnes 1998,Ciliates,Urotricha,Urotricha furcata,BJ,Freshwater,993,15,0.45
Weisse and Montagnes 1998,Ciliates,Urotricha,Urotricha furcata,BJ,Freshwater,931.8,20,0.79
Weisse and Montagnes 1998,Ciliates,Urotricha,Urotricha furcata,BJ,Freshwater,809.4,25,0.93
Weisse and Montagnes 1998,Ciliates,Urotricha,Urotricha furcata,BK,Freshwater,2055,5,0.14
Weisse and Montagnes 1998,Ciliates,Urotricha,Urotricha furcata,BK,Freshwater,1582,10,0.54
Weisse and Montagnes 1998,Ciliates,Urotricha,Urotricha furcata,BK,Freshwater,1603,15,0.77
Weisse and Montagnes 1998,Ciliates,Urotricha,Urotricha furcata,BK,Freshwater,1173,20,1.1
Weisse and Montagnes 1998,Ciliates,Urotricha,Urotricha furcata,BK,Freshwater,1089,25,1.3
Weisse and Montagnes 1998,Ciliates,Urotricha,Urotricha farcta,BL,Freshwater,3260,5,0.04
Weisse and Montagnes 1998,Ciliates,Urotricha,Urotricha farcta,BL,Freshwater,2518,10,0.7
Weisse and Montagnes 1998,Ciliates,Urotricha,Urotricha farcta,BL,Freshwater,2436,15,1.4
Weisse and Montagnes 1998,Ciliates,Urotricha,Urotricha farcta,BL,Freshwater,1639,20,1.64
Weisse and Montagnes 1998,Ciliates,Urotricha,Urotricha farcta,BL,Freshwater,1790,25,1.84
Weisse and Montagnes 1998,Ciliates,Urotricha,Urotricha farcta,BL,Freshwater,1886,30,1.77
Weisse and Montagnes 1998,Ciliates,Urotricha,Urotricha farcta,BM,Freshwater,1843,10,0.45
Weisse and Montagnes 1998,Ciliates,Urotricha,Urotricha farcta,BM,Freshwater,1410,15,0.89
Weisse and Montagnes 1998,Ciliates,Urotricha,Urotricha farcta,BM,Freshwater,1215,20,1
Weisse and Montagnes 1998,Ciliates,Urotricha,Urotricha farcta,BM,Freshwater,1143,25,1.3
Weisse et al. 2001,Ciliates,Urotricha,Urotricha farcta,BN,Freshwater,3350,12,1.2
Weisse et al. 2001,Ciliates,Urotricha,Urotricha farcta,BN,Freshwater,3350,15,1.5
Weisse et al. 2001,Ciliates,Urotricha,Urotricha farcta,BN,Freshwater,3350,18,1.8
Weisse et al. 2001,Ciliates,Urotricha,Urotricha farcta,BN,Freshwater,3350,20,1.8
Weisse et al. 2001,Ciliates,Urotricha,Urotricha farcta,BN,Freshwater,3350,25,1.8
Weisse et al. 2001,Ciliates,Urotricha,Urotricha farcta,BN,Freshwater,3350,30,1.7
Weisse et al. 2001,Ciliates,Urotricha,Urotricha castalia,BO,Freshwater,9750,5,0.04
Weisse et al. 2001,Ciliates,Urotricha,Urotricha castalia,BO,Freshwater,9750,7.5,0.22
Weisse et al. 2001,Ciliates,Urotricha,Urotricha castalia,BO,Freshwater,9750,12.5,0.65
Weisse et al. 2001,Ciliates,Urotricha,Urotricha castalia,BO,Freshwater,9750,10,0.51
Weisse et al. 2001,Ciliates,Urotricha,Urotricha castalia,BO,Freshwater,9750,25,0.47
Weisse et al. 2001,Ciliates,Urotricha,Urotricha castalia,BO,Freshwater,9750,22.5,0.42
Weisse et al. 2001,Ciliates,Urotricha,Urotricha castalia,BO,Freshwater,9750,15,0.55
Weisse et al. 2001,Ciliates,Urotricha,Urotricha castalia,BO,Freshwater,9750,17.5,0.52
Weisse et al. 2001,Ciliates,Urotricha,Urotricha castalia,BO,Freshwater,9750,20,0.5
Weisse et al. 2001,Ciliates,Urotricha,Urotricha furcata,BP,Freshwater,3150,5,-0.08
Weisse et al. 2001,Ciliates,Urotricha,Urotricha furcata,BP,Freshwater,3150,10,0.2
Weisse et al. 2001,Ciliates,Urotricha,Urotricha furcata,BP,Freshwater,3150,15,0.7
Weisse et al. 2001,Ciliates,Urotricha,Urotricha furcata,BP,Freshwater,3150,20,1.01
Weisse et al. 2001,Ciliates,Urotricha,Urotricha furcata,BP,Freshwater,3150,25,0.94
Weisse et al. 2001,Ciliates,Urotricha,Urotricha furcata,BP,Freshwater,3150,27.5,0.23
Weisse et al. 2001,Ciliates,Urotricha,Urotricha furcata,BQ,Freshwater,3150,5,0.196
Weisse et al. 2001,Ciliates,Urotricha,Urotricha furcata,BQ,Freshwater,3150,10,0.175
Weisse et al. 2001,Ciliates,Urotricha,Urotricha furcata,BQ,Freshwater,3150,15,0.226
Weisse et al. 2001,Ciliates,Urotricha,Urotricha furcata,BQ,Freshwater,3150,20,0.323
Weisse et al. 2001,Ciliates,Urotricha,Urotricha furcata,BQ,Freshwater,3150,25,0.518
Weisse et al. 2001,Ciliates,Balanion,Balanion planctonicum,BR,Freshwater,1700,6,0.28
Weisse et al. 2001,Ciliates,Balanion,Balanion planctonicum,BR,Freshwater,1700,7.5,0.58
Weisse et al. 2001,Ciliates,Balanion,Balanion planctonicum,BR,Freshwater,1700,9,0.85
Weisse et al. 2001,Ciliates,Balanion,Balanion planctonicum,BR,Freshwater,1700,12,1.05
Weisse et al. 2001,Ciliates,Balanion,Balanion planctonicum,BR,Freshwater,1700,15,1.42
Weisse et al. 2001,Ciliates,Balanion,Balanion planctonicum,BR,Freshwater,1700,18,1.58
Weisse et al. 2001,Ciliates,Balanion,Balanion planctonicum,BR,Freshwater,1700,19.5,1.4
Weisse et al. 2001,Ciliates,Balanion,Balanion planctonicum,BR,Freshwater,1700,21,0.76
Weisse et al. 2001,Ciliates,Balanion,Balanion planctonicum,BS,Freshwater,2330,5.5,0.5
Weisse et al. 2001,Ciliates,Balanion,Balanion planctonicum,BS,Freshwater,2330,9,0.84
Weisse et al. 2001,Ciliates,Balanion,Balanion planctonicum,BS,Freshwater,2330,12,0.95
Weisse et al. 2001,Ciliates,Balanion,Balanion planctonicum,BS,Freshwater,2330,15.5,1.3
Weisse et al. 2001,Ciliates,Balanion,Balanion planctonicum,BS,Freshwater,2330,18.5,1.5
Weisse et al. 2002,Ciliates,Urotricha,Urotricha farcta,BT,Freshwater,3350,9,0.79
Weisse et al. 2002,Ciliates,Urotricha,Urotricha farcta,BT,Freshwater,3350,12,1.2
Weisse et al. 2002,Ciliates,Urotricha,Urotricha farcta,BT,Freshwater,3350,15,1.3
Weisse et al. 2002,Ciliates,Urotricha,Urotricha farcta,BT,Freshwater,3350,18,1.8
Weisse et al. 2002,Ciliates,Urotricha,Urotricha farcta,BT,Freshwater,3350,21,3.9
Weisse et al. 2002,Ciliates,Urotricha,Urotricha farcta,BT,Freshwater,3350,24,3.7
Weisse 2004,Ciliates,Meseres,Meseres corlissi,GGG,Freshwater,24846,12,-0.15
Weisse 2004,Ciliates,Meseres,Meseres corlissi,GGG,Freshwater,29454,15,0
Weisse 2004,Ciliates,Meseres,Meseres corlissi,GGG,Freshwater,66830,18,0.31
Weisse 2004,Ciliates,Meseres,Meseres corlissi,GGG,Freshwater,72462,20,0.53
Weisse 2004,Ciliates,Meseres,Meseres corlissi,GGG,Freshwater,45070,22,1.72
Weisse 2004,Ciliates,Meseres,Meseres corlissi,GGG,Freshwater,52238,25,2.35
Weisse 2004,Ciliates,Meseres,Meseres corlissi,GGG,Freshwater,41998,27,1.97
Weisse 2004,Ciliates,Meseres,Meseres corlissi,GGG,Freshwater,38670,30,1.92
Verity 1985,Ciliates,Tintinnopsis,Tintinnopsis acuminata,BV,Marine,16340,15,1.31
Verity 1985,Ciliates,Tintinnopsis,Tintinnopsis acuminata,BV,Marine,15981,20,1.53
Verity 1985,Ciliates,Tintinnopsis,Tintinnopsis acuminata,BV,Marine,15509,25,2.03
Verity 1985,Ciliates,Tintinnopsis,Tintinnopsis vasculum,BW,Marine,168679,5,0.54
Verity 1985,Ciliates,Tintinnopsis,Tintinnopsis vasculum,BW,Marine,163755,10,0.88
Verity 1985,Ciliates,Tintinnopsis,Tintinnopsis vasculum,BW,Marine,157302,15,1.09
Montagnes and Lessard 1999,Ciliates,Strombidinopsis,Strombidinopsis multiauris,BX,Marine,137229,5,-0.05
Montagnes and Lessard 1999,Ciliates,Strombidinopsis,Strombidinopsis multiauris,BX,Marine,137229,5,-0.05
Montagnes and Lessard 1999,Ciliates,Strombidinopsis,Strombidinopsis multiauris,BX,Marine,137229,5,-0.11
Montagnes and Lessard 1999,Ciliates,Strombidinopsis,Strombidinopsis multiauris,BX,Marine,137229,5,-0.18
Montagnes and Lessard 1999,Ciliates,Strombidinopsis,Strombidinopsis multiauris,BX,Marine,137229,5,-0.26
Montagnes and Lessard 1999,Ciliates,Strombidinopsis,Strombidinopsis multiauris,BX,Marine,137229,5,-0.18
Montagnes and Lessard 1999,Ciliates,Strombidinopsis,Strombidinopsis multiauris,BX,Marine,186656,8.4,0.42
Montagnes and Lessard 1999,Ciliates,Strombidinopsis,Strombidinopsis multiauris,BX,Marine,186656,8.4,0.32
Montagnes and Lessard 1999,Ciliates,Strombidinopsis,Strombidinopsis multiauris,BX,Marine,186656,8.4,0.09
Montagnes and Lessard 1999,Ciliates,Strombidinopsis,Strombidinopsis multiauris,BX,Marine,186656,8.4,0.27
Montagnes and Lessard 1999,Ciliates,Strombidinopsis,Strombidinopsis multiauris,BX,Marine,186656,8.4,0.37
Montagnes and Lessard 1999,Ciliates,Strombidinopsis,Strombidinopsis multiauris,BX,Marine,186656,8.4,0.09
Montagnes and Lessard 1999,Ciliates,Strombidinopsis,Strombidinopsis multiauris,BX,Marine,224724,10,0.24
Montagnes and Lessard 1999,Ciliates,Strombidinopsis,Strombidinopsis multiauris,BX,Marine,224724,10,0.39
Montagnes and Lessard 1999,Ciliates,Strombidinopsis,Strombidinopsis multiauris,BX,Marine,224724,10,0.37
Montagnes and Lessard 1999,Ciliates,Strombidinopsis,Strombidinopsis multiauris,BX,Marine,224724,10,0.37
Montagnes and Lessard 1999,Ciliates,Strombidinopsis,Strombidinopsis multiauris,BX,Marine,224724,10,0.5
Montagnes and Lessard 1999,Ciliates,Strombidinopsis,Strombidinopsis multiauris,BX,Marine,224724,10,0.46
Montagnes and Lessard 1999,Ciliates,Strombidinopsis,Strombidinopsis multiauris,BX,Marine,214593,11.6,0.61
Montagnes and Lessard 1999,Ciliates,Strombidinopsis,Strombidinopsis multiauris,BX,Marine,214593,11.6,0.74
Montagnes and Lessard 1999,Ciliates,Strombidinopsis,Strombidinopsis multiauris,BX,Marine,214593,11.6,0.65
Montagnes and Lessard 1999,Ciliates,Strombidinopsis,Strombidinopsis multiauris,BX,Marine,214593,11.6,0.5
Montagnes and Lessard 1999,Ciliates,Strombidinopsis,Strombidinopsis multiauris,BX,Marine,214593,11.6,0.6
Montagnes and Lessard 1999,Ciliates,Strombidinopsis,Strombidinopsis multiauris,BX,Marine,214593,11.6,0.63
Montagnes and Lessard 1999,Ciliates,Strombidinopsis,Strombidinopsis multiauris,BX,Marine,173455,13.3,0.75
Montagnes and Lessard 1999,Ciliates,Strombidinopsis,Strombidinopsis multiauris,BX,Marine,173455,13.3,0.6
Montagnes and Lessard 1999,Ciliates,Strombidinopsis,Strombidinopsis multiauris,BX,Marine,173455,13.3,0.24
Montagnes and Lessard 1999,Ciliates,Strombidinopsis,Strombidinopsis multiauris,BX,Marine,173455,13.3,0.61
Montagnes and Lessard 1999,Ciliates,Strombidinopsis,Strombidinopsis multiauris,BX,Marine,173455,13.3,0.51
Montagnes and Lessard 1999,Ciliates,Strombidinopsis,Strombidinopsis multiauris,BX,Marine,164552,15,0.76
Montagnes and Lessard 1999,Ciliates,Strombidinopsis,Strombidinopsis multiauris,BX,Marine,164552,15,0.73
Montagnes and Lessard 1999,Ciliates,Strombidinopsis,Strombidinopsis multiauris,BX,Marine,164552,15,0.72
Montagnes and Lessard 1999,Ciliates,Strombidinopsis,Strombidinopsis multiauris,BX,Marine,164552,15,0.9
Montagnes and Lessard 1999,Ciliates,Strombidinopsis,Strombidinopsis multiauris,BX,Marine,164552,15,0.82
Montagnes and Lessard 1999,Ciliates,Strombidinopsis,Strombidinopsis multiauris,BX,Marine,164552,15,0.69
Montagnes and Lessard 1999,Ciliates,Strombidinopsis,Strombidinopsis multiauris,BX,Marine,130782,19,0.69
Montagnes and Lessard 1999,Ciliates,Strombidinopsis,Strombidinopsis multiauris,BX,Marine,130782,19,0.9
Montagnes and Lessard 1999,Ciliates,Strombidinopsis,Strombidinopsis multiauris,BX,Marine,130782,19,0.83
Montagnes and Lessard 1999,Ciliates,Strombidinopsis,Strombidinopsis multiauris,BX,Marine,130782,19,0.88
Montagnes and Lessard 1999,Ciliates,Strombidinopsis,Strombidinopsis multiauris,BX,Marine,130782,19,0.9
Montagnes and Lessard 1999,Ciliates,Strombidinopsis,Strombidinopsis multiauris,BX,Marine,130782,19,0.89
Montagnes and Lessard 1999,Ciliates,Strombidinopsis,Strombidinopsis multiauris,BX,Marine,119730,22,0
Montagnes and Lessard 1999,Ciliates,Strombidinopsis,Strombidinopsis multiauris,BX,Marine,119730,22,-0.05
Montagnes and Lessard 1999,Ciliates,Strombidinopsis,Strombidinopsis multiauris,BX,Marine,119730,22,0.2
Montagnes and Lessard 1999,Ciliates,Strombidinopsis,Strombidinopsis multiauris,BX,Marine,119730,22,-0.05
Montagnes and Lessard 1999,Ciliates,Strombidinopsis,Strombidinopsis multiauris,BX,Marine,119730,22,0.29
Stoecker et al. 1983,Ciliates,Favella,Favella sp.,BY,Marine,321437,7,0.384
Stoecker et al. 1983,Ciliates,Favella,Favella sp.,BY,Marine,321437,15,0.984
Stoecker et al. 1983,Ciliates,Favella,Favella sp.,BY,Marine,321437,20,1.392
Stoecker et al. 1983,Ciliates,Balanion,Balanion sp.,BZ,Marine,18230,7,1.536
Stoecker et al. 1983,Ciliates,Balanion,Balanion sp.,BZ,Marine,18230,10,1.392
Stoecker et al. 1983,Ciliates,Balanion,Balanion sp.,BZ,Marine,18230,15,2.376
Stoecker et al. 1983,Ciliates,Balanion,Balanion sp.,BZ,Marine,18230,20,2.88
Krenek et al. 2012,Ciliates,Paramecium ,Paramecium caudatum,NOE-1,Freshwater,318581,7,0.29
Krenek et al. 2012,Ciliates,Paramecium ,Paramecium caudatum,NOE-1,Freshwater,318581,7,0.24
Krenek et al. 2012,Ciliates,Paramecium ,Paramecium caudatum,NOE-1,Freshwater,318581,7,0.27
Krenek et al. 2012,Ciliates,Paramecium ,Paramecium caudatum,NOE-1,Freshwater,318581,13,0.74
Krenek et al. 2012,Ciliates,Paramecium ,Paramecium caudatum,NOE-1,Freshwater,318581,13,0.7
Krenek et al. 2012,Ciliates,Paramecium ,Paramecium caudatum,NOE-1,Freshwater,318581,13,0.68
Krenek et al. 2012,Ciliates,Paramecium ,Paramecium caudatum,NOE-1,Freshwater,318581,19,1.11
Krenek et al. 2012,Ciliates,Paramecium ,Paramecium caudatum,NOE-1,Freshwater,318581,19,1.03
Krenek et al. 2012,Ciliates,Paramecium ,Paramecium caudatum,NOE-1,Freshwater,318581,19,1.02
Krenek et al. 2012,Ciliates,Paramecium ,Paramecium caudatum,NOE-1,Freshwater,318581,25,1.73
Krenek et al. 2012,Ciliates,Paramecium ,Paramecium caudatum,NOE-1,Freshwater,318581,25,1.84
Krenek et al. 2012,Ciliates,Paramecium ,Paramecium caudatum,NOE-1,Freshwater,318581,25,1.73
Krenek et al. 2012,Ciliates,Paramecium ,Paramecium caudatum,NOE-1,Freshwater,318581,28,2.32
Krenek et al. 2012,Ciliates,Paramecium ,Paramecium caudatum,NOE-1,Freshwater,318581,28,2.31
Krenek et al. 2012,Ciliates,Paramecium ,Paramecium caudatum,NOE-1,Freshwater,318581,28,2.4
Krenek et al. 2012,Ciliates,Paramecium ,Paramecium caudatum,NOE-1,Freshwater,318581,31,1.73
Krenek et al. 2012,Ciliates,Paramecium ,Paramecium caudatum,NOE-1,Freshwater,318581,31,1.68
Krenek et al. 2012,Ciliates,Paramecium ,Paramecium caudatum,NOE-1,Freshwater,318581,31,1.69
Krenek et al. 2012,Ciliates,Paramecium ,Paramecium caudatum,NOE-1,Freshwater,318581,32.5,-0.68
Krenek et al. 2012,Ciliates,Paramecium ,Paramecium caudatum,NOE-1,Freshwater,318581,32.5,-0.61
Krenek et al. 2012,Ciliates,Paramecium ,Paramecium caudatum,NOE-1,Freshwater,318581,32.5,-0.77
Krenek et al. 2012,Ciliates,Paramecium ,Paramecium caudatum,SWL-1A,Freshwater,318581,7,0.29
Krenek et al. 2012,Ciliates,Paramecium ,Paramecium caudatum,SWL-1A,Freshwater,318581,7,0.29
Krenek et al. 2012,Ciliates,Paramecium ,Paramecium caudatum,SWL-1A,Freshwater,318581,7,0.27
Krenek et al. 2012,Ciliates,Paramecium ,Paramecium caudatum,SWL-1A,Freshwater,318581,13,0.7
Krenek et al. 2012,Ciliates,Paramecium ,Paramecium caudatum,SWL-1A,Freshwater,318581,13,0.78
Krenek et al. 2012,Ciliates,Paramecium ,Paramecium caudatum,SWL-1A,Freshwater,318581,13,0.66
Krenek et al. 2012,Ciliates,Paramecium ,Paramecium caudatum,SWL-1A,Freshwater,318581,19,1.17
Krenek et al. 2012,Ciliates,Paramecium ,Paramecium caudatum,SWL-1A,Freshwater,318581,19,1.14
Krenek et al. 2012,Ciliates,Paramecium ,Paramecium caudatum,SWL-1A,Freshwater,318581,19,1.14
Krenek et al. 2012,Ciliates,Paramecium ,Paramecium caudatum,SWL-1A,Freshwater,318581,25,1.7
Krenek et al. 2012,Ciliates,Paramecium ,Paramecium caudatum,SWL-1A,Freshwater,318581,25,1.82
Krenek et al. 2012,Ciliates,Paramecium ,Paramecium caudatum,SWL-1A,Freshwater,318581,25,1.61
Krenek et al. 2012,Ciliates,Paramecium ,Paramecium caudatum,SWL-1A,Freshwater,318581,28,2.35
Krenek et al. 2012,Ciliates,Paramecium ,Paramecium caudatum,SWL-1A,Freshwater,318581,28,2.52
Krenek et al. 2012,Ciliates,Paramecium ,Paramecium caudatum,SWL-1A,Freshwater,318581,28,2.27
Krenek et al. 2012,Ciliates,Paramecium ,Paramecium caudatum,SWL-1A,Freshwater,318581,31,1.48
Krenek et al. 2012,Ciliates,Paramecium ,Paramecium caudatum,SWL-1A,Freshwater,318581,31,1.52
Krenek et al. 2012,Ciliates,Paramecium ,Paramecium caudatum,SWL-1A,Freshwater,318581,31,1.8
Krenek et al. 2012,Ciliates,Paramecium ,Paramecium caudatum,SWL-1A,Freshwater,318581,32.5,1.41
Krenek et al. 2012,Ciliates,Paramecium ,Paramecium caudatum,SWL-1A,Freshwater,318581,32.5,1.35
Krenek et al. 2012,Ciliates,Paramecium ,Paramecium caudatum,SWL-1A,Freshwater,318581,32.5,1.52
Krenek et al. 2012,Ciliates,Paramecium ,Paramecium caudatum,SWL-1A,Freshwater,318581,34,-0.4
Krenek et al. 2012,Ciliates,Paramecium ,Paramecium caudatum,SWL-1A,Freshwater,318581,34,-0.12
Krenek et al. 2012,Ciliates,Paramecium ,Paramecium caudatum,SWL-1A,Freshwater,318581,34,-0.16
Krenek et al. 2012,Ciliates,Paramecium ,Paramecium caudatum,SWV-2A,Freshwater,318581,7,0.38
Krenek et al. 2012,Ciliates,Paramecium ,Paramecium caudatum,SWV-2A,Freshwater,318581,7,0.32
Krenek et al. 2012,Ciliates,Paramecium ,Paramecium caudatum,SWV-2A,Freshwater,318581,7,0.37
Krenek et al. 2012,Ciliates,Paramecium ,Paramecium caudatum,SWV-2A,Freshwater,318581,13,0.79
Krenek et al. 2012,Ciliates,Paramecium ,Paramecium caudatum,SWV-2A,Freshwater,318581,13,0.79
Krenek et al. 2012,Ciliates,Paramecium ,Paramecium caudatum,SWV-2A,Freshwater,318581,13,0.7
Krenek et al. 2012,Ciliates,Paramecium ,Paramecium caudatum,SWV-2A,Freshwater,318581,19,1.1
Krenek et al. 2012,Ciliates,Paramecium ,Paramecium caudatum,SWV-2A,Freshwater,318581,19,1.18
Krenek et al. 2012,Ciliates,Paramecium ,Paramecium caudatum,SWV-2A,Freshwater,318581,19,1.12
Krenek et al. 2012,Ciliates,Paramecium ,Paramecium caudatum,SWV-2A,Freshwater,318581,25,1.89
Krenek et al. 2012,Ciliates,Paramecium ,Paramecium caudatum,SWV-2A,Freshwater,318581,25,1.8
Krenek et al. 2012,Ciliates,Paramecium ,Paramecium caudatum,SWV-2A,Freshwater,318581,25,1.53
Krenek et al. 2012,Ciliates,Paramecium ,Paramecium caudatum,SWV-2A,Freshwater,318581,28,2.11
Krenek et al. 2012,Ciliates,Paramecium ,Paramecium caudatum,SWV-2A,Freshwater,318581,28,2.13
Krenek et al. 2012,Ciliates,Paramecium ,Paramecium caudatum,SWV-2A,Freshwater,318581,28,1.95
Krenek et al. 2012,Ciliates,Paramecium ,Paramecium caudatum,SWV-2A,Freshwater,318581,31,1.63
Krenek et al. 2012,Ciliates,Paramecium ,Paramecium caudatum,SWV-2A,Freshwater,318581,31,1.81
Krenek et al. 2012,Ciliates,Paramecium ,Paramecium caudatum,SWV-2A,Freshwater,318581,31,1.83
Krenek et al. 2012,Ciliates,Paramecium ,Paramecium caudatum,SWV-2A,Freshwater,318581,32.5,-1.96
Krenek et al. 2012,Ciliates,Paramecium ,Paramecium caudatum,SWV-2A,Freshwater,318581,32.5,-1.28
Krenek et al. 2012,Ciliates,Paramecium ,Paramecium caudatum,SWV-2A,Freshwater,318581,32.5,-0.61
Krenek et al. 2012,Ciliates,Paramecium ,Paramecium caudatum,GLA-1,Freshwater,318581,7,0.35
Krenek et al. 2012,Ciliates,Paramecium ,Paramecium caudatum,GLA-1,Freshwater,318581,7,0.32
Krenek et al. 2012,Ciliates,Paramecium ,Paramecium caudatum,GLA-1,Freshwater,318581,7,0.32
Krenek et al. 2012,Ciliates,Paramecium ,Paramecium caudatum,GLA-1,Freshwater,318581,13,0.75
Krenek et al. 2012,Ciliates,Paramecium ,Paramecium caudatum,GLA-1,Freshwater,318581,13,0.69
Krenek et al. 2012,Ciliates,Paramecium ,Paramecium caudatum,GLA-1,Freshwater,318581,13,0.75
Krenek et al. 2012,Ciliates,Paramecium ,Paramecium caudatum,GLA-1,Freshwater,318581,19,1.08
Krenek et al. 2012,Ciliates,Paramecium ,Paramecium caudatum,GLA-1,Freshwater,318581,19,1.08
Krenek et al. 2012,Ciliates,Paramecium ,Paramecium caudatum,GLA-1,Freshwater,318581,19,0.86
Krenek et al. 2012,Ciliates,Paramecium ,Paramecium caudatum,GLA-1,Freshwater,318581,25,1.44
Krenek et al. 2012,Ciliates,Paramecium ,Paramecium caudatum,GLA-1,Freshwater,318581,25,1.62
Krenek et al. 2012,Ciliates,Paramecium ,Paramecium caudatum,GLA-1,Freshwater,318581,25,1.54
Krenek et al. 2012,Ciliates,Paramecium ,Paramecium caudatum,GLA-1,Freshwater,318581,28,2.17
Krenek et al. 2012,Ciliates,Paramecium ,Paramecium caudatum,GLA-1,Freshwater,318581,28,2.27
Krenek et al. 2012,Ciliates,Paramecium ,Paramecium caudatum,GLA-1,Freshwater,318581,28,2.29
Krenek et al. 2012,Ciliates,Paramecium ,Paramecium caudatum,GLA-1,Freshwater,318581,31,1.42
Krenek et al. 2012,Ciliates,Paramecium ,Paramecium caudatum,GLA-1,Freshwater,318581,31,1.52
Krenek et al. 2012,Ciliates,Paramecium ,Paramecium caudatum,GLA-1,Freshwater,318581,31,1.59
Krenek et al. 2012,Ciliates,Paramecium ,Paramecium caudatum,GLA-1,Freshwater,318581,32.5,1.14
Krenek et al. 2012,Ciliates,Paramecium ,Paramecium caudatum,GLA-1,Freshwater,318581,32.5,1.1
Krenek et al. 2012,Ciliates,Paramecium ,Paramecium caudatum,GLA-1,Freshwater,318581,32.5,1.27
Krenek et al. 2012,Ciliates,Paramecium ,Paramecium caudatum,GLA-1,Freshwater,318581,34,-1.01
Krenek et al. 2012,Ciliates,Paramecium ,Paramecium caudatum,GLA-1,Freshwater,318581,34,-0.57
Krenek et al. 2012,Ciliates,Paramecium ,Paramecium caudatum,GLA-1,Freshwater,318581,34,-0.49
Krenek et al. 2012,Ciliates,Paramecium ,Paramecium caudatum,GPL-3,Freshwater,318581,7,0.29
Krenek et al. 2012,Ciliates,Paramecium ,Paramecium caudatum,GPL-3,Freshwater,318581,7,0.31
Krenek et al. 2012,Ciliates,Paramecium ,Paramecium caudatum,GPL-3,Freshwater,318581,7,0.28
Krenek et al. 2012,Ciliates,Paramecium ,Paramecium caudatum,GPL-3,Freshwater,318581,13,0.69
Krenek et al. 2012,Ciliates,Paramecium ,Paramecium caudatum,GPL-3,Freshwater,318581,13,0.75
Krenek et al. 2012,Ciliates,Paramecium ,Paramecium caudatum,GPL-3,Freshwater,318581,13,0.81
Krenek et al. 2012,Ciliates,Paramecium ,Paramecium caudatum,GPL-3,Freshwater,318581,19,1.16
Krenek et al. 2012,Ciliates,Paramecium ,Paramecium caudatum,GPL-3,Freshwater,318581,19,1.02
Krenek et al. 2012,Ciliates,Paramecium ,Paramecium caudatum,GPL-3,Freshwater,318581,19,1.17
Krenek et al. 2012,Ciliates,Paramecium ,Paramecium caudatum,GPL-3,Freshwater,318581,25,1.95
Krenek et al. 2012,Ciliates,Paramecium ,Paramecium caudatum,GPL-3,Freshwater,318581,25,1.79
Krenek et al. 2012,Ciliates,Paramecium ,Paramecium caudatum,GPL-3,Freshwater,318581,25,1.85
Krenek et al. 2012,Ciliates,Paramecium ,Paramecium caudatum,GPL-3,Freshwater,318581,28,2.29
Krenek et al. 2012,Ciliates,Paramecium ,Paramecium caudatum,GPL-3,Freshwater,318581,28,2.28
Krenek et al. 2012,Ciliates,Paramecium ,Paramecium caudatum,GPL-3,Freshwater,318581,28,2.34
Krenek et al. 2012,Ciliates,Paramecium ,Paramecium caudatum,GPL-3,Freshwater,318581,31,1.69
Krenek et al. 2012,Ciliates,Paramecium ,Paramecium caudatum,GPL-3,Freshwater,318581,31,1.67
Krenek et al. 2012,Ciliates,Paramecium ,Paramecium caudatum,GPL-3,Freshwater,318581,31,1.61
Krenek et al. 2012,Ciliates,Paramecium ,Paramecium caudatum,GPL-3,Freshwater,318581,32.5,1.33
Krenek et al. 2012,Ciliates,Paramecium ,Paramecium caudatum,GPL-3,Freshwater,318581,32.5,1.23
Krenek et al. 2012,Ciliates,Paramecium ,Paramecium caudatum,GPL-3,Freshwater,318581,32.5,1.32
Krenek et al. 2012,Ciliates,Paramecium ,Paramecium caudatum,GPL-3,Freshwater,318581,34,-0.15
Krenek et al. 2012,Ciliates,Paramecium ,Paramecium caudatum,GPL-3,Freshwater,318581,34,-0.07
Krenek et al. 2012,Ciliates,Paramecium ,Paramecium caudatum,GPL-3,Freshwater,318581,34,-0.42
Krenek et al. 2012,Ciliates,Paramecium ,Paramecium caudatum,GMA-1A,Freshwater,318581,7,0.3
Krenek et al. 2012,Ciliates,Paramecium ,Paramecium caudatum,GMA-1A,Freshwater,318581,7,0.31
Krenek et al. 2012,Ciliates,Paramecium ,Paramecium caudatum,GMA-1A,Freshwater,318581,7,0.28
Krenek et al. 2012,Ciliates,Paramecium ,Paramecium caudatum,GMA-1A,Freshwater,318581,13,0.66
Krenek et al. 2012,Ciliates,Paramecium ,Paramecium caudatum,GMA-1A,Freshwater,318581,13,0.64
Krenek et al. 2012,Ciliates,Paramecium ,Paramecium caudatum,GMA-1A,Freshwater,318581,13,0.69
Krenek et al. 2012,Ciliates,Paramecium ,Paramecium caudatum,GMA-1A,Freshwater,318581,19,1.23
Krenek et al. 2012,Ciliates,Paramecium ,Paramecium caudatum,GMA-1A,Freshwater,318581,19,1.13
Krenek et al. 2012,Ciliates,Paramecium ,Paramecium caudatum,GMA-1A,Freshwater,318581,19,1.19
Krenek et al. 2012,Ciliates,Paramecium ,Paramecium caudatum,GMA-1A,Freshwater,318581,25,1.9
Krenek et al. 2012,Ciliates,Paramecium ,Paramecium caudatum,GMA-1A,Freshwater,318581,25,1.69
Krenek et al. 2012,Ciliates,Paramecium ,Paramecium caudatum,GMA-1A,Freshwater,318581,25,1.63
Krenek et al. 2012,Ciliates,Paramecium ,Paramecium caudatum,GMA-1A,Freshwater,318581,28,2.38
Krenek et al. 2012,Ciliates,Paramecium ,Paramecium caudatum,GMA-1A,Freshwater,318581,28,2.49
Krenek et al. 2012,Ciliates,Paramecium ,Paramecium caudatum,GMA-1A,Freshwater,318581,28,2.55
Krenek et al. 2012,Ciliates,Paramecium ,Paramecium caudatum,GMA-1A,Freshwater,318581,31,2.24
Krenek et al. 2012,Ciliates,Paramecium ,Paramecium caudatum,GMA-1A,Freshwater,318581,31,1.92
Krenek et al. 2012,Ciliates,Paramecium ,Paramecium caudatum,GMA-1A,Freshwater,318581,31,1.75
Krenek et al. 2012,Ciliates,Paramecium ,Paramecium caudatum,GMA-1A,Freshwater,318581,32.5,1.4
Krenek et al. 2012,Ciliates,Paramecium ,Paramecium caudatum,GMA-1A,Freshwater,318581,32.5,1.34
Krenek et al. 2012,Ciliates,Paramecium ,Paramecium caudatum,GMA-1A,Freshwater,318581,32.5,1.36
Krenek et al. 2012,Ciliates,Paramecium ,Paramecium caudatum,GMA-1A,Freshwater,318581,34,0
Krenek et al. 2012,Ciliates,Paramecium ,Paramecium caudatum,GMA-1A,Freshwater,318581,34,0.08
Krenek et al. 2012,Ciliates,Paramecium ,Paramecium caudatum,GMA-1A,Freshwater,318581,34,0.17
Krenek et al. 2012,Ciliates,Paramecium ,Paramecium caudatum,GMA-1B,Freshwater,318581,7,0.23
Krenek et al. 2012,Ciliates,Paramecium ,Paramecium caudatum,GMA-1B,Freshwater,318581,7,0.18
Krenek et al. 2012,Ciliates,Paramecium ,Paramecium caudatum,GMA-1B,Freshwater,318581,7,0.24
Krenek et al. 2012,Ciliates,Paramecium ,Paramecium caudatum,GMA-1B,Freshwater,318581,13,0.75
Krenek et al. 2012,Ciliates,Paramecium ,Paramecium caudatum,GMA-1B,Freshwater,318581,13,0.7
Krenek et al. 2012,Ciliates,Paramecium ,Paramecium caudatum,GMA-1B,Freshwater,318581,13,0.72
Krenek et al. 2012,Ciliates,Paramecium ,Paramecium caudatum,GMA-1B,Freshwater,318581,19,1.29
Krenek et al. 2012,Ciliates,Paramecium ,Paramecium caudatum,GMA-1B,Freshwater,318581,19,1.35
Krenek et al. 2012,Ciliates,Paramecium ,Paramecium caudatum,GMA-1B,Freshwater,318581,19,1.17
Krenek et al. 2012,Ciliates,Paramecium ,Paramecium caudatum,GMA-1B,Freshwater,318581,25,1.96
Krenek et al. 2012,Ciliates,Paramecium ,Paramecium caudatum,GMA-1B,Freshwater,318581,25,1.79
Krenek et al. 2012,Ciliates,Paramecium ,Paramecium caudatum,GMA-1B,Freshwater,318581,25,1.82
Krenek et al. 2012,Ciliates,Paramecium ,Paramecium caudatum,GMA-1B,Freshwater,318581,28,2.5
Krenek et al. 2012,Ciliates,Paramecium ,Paramecium caudatum,GMA-1B,Freshwater,318581,28,2.53
Krenek et al. 2012,Ciliates,Paramecium ,Paramecium caudatum,GMA-1B,Freshwater,318581,28,2.13
Krenek et al. 2012,Ciliates,Paramecium ,Paramecium caudatum,GMA-1B,Freshwater,318581,31,2.13
Krenek et al. 2012,Ciliates,Paramecium ,Paramecium caudatum,GMA-1B,Freshwater,318581,31,2.02
Krenek et al. 2012,Ciliates,Paramecium ,Paramecium caudatum,GMA-1B,Freshwater,318581,31,2.12
Krenek et al. 2012,Ciliates,Paramecium ,Paramecium caudatum,GMA-1B,Freshwater,318581,32.5,1.68
Krenek et al. 2012,Ciliates,Paramecium ,Paramecium caudatum,GMA-1B,Freshwater,318581,32.5,1.63
Krenek et al. 2012,Ciliates,Paramecium ,Paramecium caudatum,GMA-1B,Freshwater,318581,32.5,1.67
Krenek et al. 2012,Ciliates,Paramecium ,Paramecium caudatum,GMA-1B,Freshwater,318581,34,0.26
Krenek et al. 2012,Ciliates,Paramecium ,Paramecium caudatum,GMA-1B,Freshwater,318581,34,0.42
Krenek et al. 2012,Ciliates,Paramecium ,Paramecium caudatum,GMA-1B,Freshwater,318581,34,0.42
Krenek et al. 2012,Ciliates,Paramecium ,Paramecium caudatum,GMA-2,Freshwater,318581,7,0.27
Krenek et al. 2012,Ciliates,Paramecium ,Paramecium caudatum,GMA-2,Freshwater,318581,7,0.27
Krenek et al. 2012,Ciliates,Paramecium ,Paramecium caudatum,GMA-2,Freshwater,318581,7,0.26
Krenek et al. 2012,Ciliates,Paramecium ,Paramecium caudatum,GMA-2,Freshwater,318581,13,0.73
Krenek et al. 2012,Ciliates,Paramecium ,Paramecium caudatum,GMA-2,Freshwater,318581,13,0.65
Krenek et al. 2012,Ciliates,Paramecium ,Paramecium caudatum,GMA-2,Freshwater,318581,13,0.69
Krenek et al. 2012,Ciliates,Paramecium ,Paramecium caudatum,GMA-2,Freshwater,318581,19,1.17
Krenek et al. 2012,Ciliates,Paramecium ,Paramecium caudatum,GMA-2,Freshwater,318581,19,1.31
Krenek et al. 2012,Ciliates,Paramecium ,Paramecium caudatum,GMA-2,Freshwater,318581,19,1.12
Krenek et al. 2012,Ciliates,Paramecium ,Paramecium caudatum,GMA-2,Freshwater,318581,25,1.93
Krenek et al. 2012,Ciliates,Paramecium ,Paramecium caudatum,GMA-2,Freshwater,318581,25,1.92
Krenek et al. 2012,Ciliates,Paramecium ,Paramecium caudatum,GMA-2,Freshwater,318581,25,1.8
Krenek et al. 2012,Ciliates,Paramecium ,Paramecium caudatum,GMA-2,Freshwater,318581,28,2.29
Krenek et al. 2012,Ciliates,Paramecium ,Paramecium caudatum,GMA-2,Freshwater,318581,28,2.51
Krenek et al. 2012,Ciliates,Paramecium ,Paramecium caudatum,GMA-2,Freshwater,318581,28,2.21
Krenek et al. 2012,Ciliates,Paramecium ,Paramecium caudatum,GMA-2,Freshwater,318581,31,1.68
Krenek et al. 2012,Ciliates,Paramecium ,Paramecium caudatum,GMA-2,Freshwater,318581,31,1.86
Krenek et al. 2012,Ciliates,Paramecium ,Paramecium caudatum,GMA-2,Freshwater,318581,31,2.07
Krenek et al. 2012,Ciliates,Paramecium ,Paramecium caudatum,GMA-2,Freshwater,318581,32.5,1.06
Krenek et al. 2012,Ciliates,Paramecium ,Paramecium caudatum,GMA-2,Freshwater,318581,32.5,1.19
Krenek et al. 2012,Ciliates,Paramecium ,Paramecium caudatum,GMA-2,Freshwater,318581,32.5,0.98
Krenek et al. 2012,Ciliates,Paramecium ,Paramecium caudatum,GMA-2,Freshwater,318581,34,-0.42
Krenek et al. 2012,Ciliates,Paramecium ,Paramecium caudatum,GMA-2,Freshwater,318581,34,-0.32
Krenek et al. 2012,Ciliates,Paramecium ,Paramecium caudatum,GMA-2,Freshwater,318581,34,-0.32
Krenek et al. 2012,Ciliates,Paramecium ,Paramecium caudatum,GMA-3,Freshwater,318581,7,0.32
Krenek et al. 2012,Ciliates,Paramecium ,Paramecium caudatum,GMA-3,Freshwater,318581,7,0.3
Krenek et al. 2012,Ciliates,Paramecium ,Paramecium caudatum,GMA-3,Freshwater,318581,7,0.31
Krenek et al. 2012,Ciliates,Paramecium ,Paramecium caudatum,GMA-3,Freshwater,318581,13,0.75
Krenek et al. 2012,Ciliates,Paramecium ,Paramecium caudatum,GMA-3,Freshwater,318581,13,0.69
Krenek et al. 2012,Ciliates,Paramecium ,Paramecium caudatum,GMA-3,Freshwater,318581,13,0.69
Krenek et al. 2012,Ciliates,Paramecium ,Paramecium caudatum,GMA-3,Freshwater,318581,19,1.36
Krenek et al. 2012,Ciliates,Paramecium ,Paramecium caudatum,GMA-3,Freshwater,318581,19,1.26
Krenek et al. 2012,Ciliates,Paramecium ,Paramecium caudatum,GMA-3,Freshwater,318581,19,1.05
Krenek et al. 2012,Ciliates,Paramecium ,Paramecium caudatum,GMA-3,Freshwater,318581,25,2.22
Krenek et al. 2012,Ciliates,Paramecium ,Paramecium caudatum,GMA-3,Freshwater,318581,25,1.74
Krenek et al. 2012,Ciliates,Paramecium ,Paramecium caudatum,GMA-3,Freshwater,318581,25,1.94
Krenek et al. 2012,Ciliates,Paramecium ,Paramecium caudatum,GMA-3,Freshwater,318581,28,2.19
Krenek et al. 2012,Ciliates,Paramecium ,Paramecium caudatum,GMA-3,Freshwater,318581,28,2.27
Krenek et al. 2012,Ciliates,Paramecium ,Paramecium caudatum,GMA-3,Freshwater,318581,28,2.04
Krenek et al. 2012,Ciliates,Paramecium ,Paramecium caudatum,GMA-3,Freshwater,318581,31,1.88
Krenek et al. 2012,Ciliates,Paramecium ,Paramecium caudatum,GMA-3,Freshwater,318581,31,1.96
Krenek et al. 2012,Ciliates,Paramecium ,Paramecium caudatum,GMA-3,Freshwater,318581,31,1.91
Krenek et al. 2012,Ciliates,Paramecium ,Paramecium caudatum,GMA-3,Freshwater,318581,32.5,1.73
Krenek et al. 2012,Ciliates,Paramecium ,Paramecium caudatum,GMA-3,Freshwater,318581,32.5,1.62
Krenek et al. 2012,Ciliates,Paramecium ,Paramecium caudatum,GMA-3,Freshwater,318581,32.5,1.62
Krenek et al. 2012,Ciliates,Paramecium ,Paramecium caudatum,GMA-3,Freshwater,318581,34,0.32
Krenek et al. 2012,Ciliates,Paramecium ,Paramecium caudatum,GMA-3,Freshwater,318581,34,0.38
Krenek et al. 2012,Ciliates,Paramecium ,Paramecium caudatum,GMA-3,Freshwater,318581,34,0.32
Krenek et al. 2012,Ciliates,Paramecium ,Paramecium caudatum,GRK-1,Freshwater,318581,7,0.22
Krenek et al. 2012,Ciliates,Paramecium ,Paramecium caudatum,GRK-1,Freshwater,318581,7,0.19
Krenek et al. 2012,Ciliates,Paramecium ,Paramecium caudatum,GRK-1,Freshwater,318581,7,0.22
Krenek et al. 2012,Ciliates,Paramecium ,Paramecium caudatum,GRK-1,Freshwater,318581,13,0.69
Krenek et al. 2012,Ciliates,Paramecium ,Paramecium caudatum,GRK-1,Freshwater,318581,13,0.52
Krenek et al. 2012,Ciliates,Paramecium ,Paramecium caudatum,GRK-1,Freshwater,318581,13,0.5
Krenek et al. 2012,Ciliates,Paramecium ,Paramecium caudatum,GRK-1,Freshwater,318581,19,1.18
Krenek et al. 2012,Ciliates,Paramecium ,Paramecium caudatum,GRK-1,Freshwater,318581,19,1.14
Krenek et al. 2012,Ciliates,Paramecium ,Paramecium caudatum,GRK-1,Freshwater,318581,19,1.04
Krenek et al. 2012,Ciliates,Paramecium ,Paramecium caudatum,GRK-1,Freshwater,318581,25,1.81
Krenek et al. 2012,Ciliates,Paramecium ,Paramecium caudatum,GRK-1,Freshwater,318581,25,1.65
Krenek et al. 2012,Ciliates,Paramecium ,Paramecium caudatum,GRK-1,Freshwater,318581,25,1.69
Krenek et al. 2012,Ciliates,Paramecium ,Paramecium caudatum,GRK-1,Freshwater,318581,28,2.47
Krenek et al. 2012,Ciliates,Paramecium ,Paramecium caudatum,GRK-1,Freshwater,318581,28,2.59
Krenek et al. 2012,Ciliates,Paramecium ,Paramecium caudatum,GRK-1,Freshwater,318581,28,2.43
Krenek et al. 2012,Ciliates,Paramecium ,Paramecium caudatum,GRK-1,Freshwater,318581,31,1.5
Krenek et al. 2012,Ciliates,Paramecium ,Paramecium caudatum,GRK-1,Freshwater,318581,31,1.64
Krenek et al. 2012,Ciliates,Paramecium ,Paramecium caudatum,GRK-1,Freshwater,318581,31,1.72
Krenek et al. 2012,Ciliates,Paramecium ,Paramecium caudatum,GRK-1,Freshwater,318581,32.5,1.18
Krenek et al. 2012,Ciliates,Paramecium ,Paramecium caudatum,GRK-1,Freshwater,318581,32.5,0.64
Krenek et al. 2012,Ciliates,Paramecium ,Paramecium caudatum,GRK-1,Freshwater,318581,32.5,0.9
Krenek et al. 2012,Ciliates,Paramecium ,Paramecium caudatum,GRK-1,Freshwater,318581,34,-0.88
Krenek et al. 2012,Ciliates,Paramecium ,Paramecium caudatum,GRK-1,Freshwater,318581,34,-1.39
Krenek et al. 2012,Ciliates,Paramecium ,Paramecium caudatum,GRK-1,Freshwater,318581,34,-0.97
Krenek et al. 2012,Ciliates,Paramecium ,Paramecium caudatum,POE-1,Freshwater,318581,7,0.24
Krenek et al. 2012,Ciliates,Paramecium ,Paramecium caudatum,POE-1,Freshwater,318581,7,0.29
Krenek et al. 2012,Ciliates,Paramecium ,Paramecium caudatum,POE-1,Freshwater,318581,7,0.14
Krenek et al. 2012,Ciliates,Paramecium ,Paramecium caudatum,POE-1,Freshwater,318581,13,0.65
Krenek et al. 2012,Ciliates,Paramecium ,Paramecium caudatum,POE-1,Freshwater,318581,13,0.68
Krenek et al. 2012,Ciliates,Paramecium ,Paramecium caudatum,POE-1,Freshwater,318581,13,0.63
Krenek et al. 2012,Ciliates,Paramecium ,Paramecium caudatum,POE-1,Freshwater,318581,19,1.11
Krenek et al. 2012,Ciliates,Paramecium ,Paramecium caudatum,POE-1,Freshwater,318581,19,1.06
Krenek et al. 2012,Ciliates,Paramecium ,Paramecium caudatum,POE-1,Freshwater,318581,19,1.1
Krenek et al. 2012,Ciliates,Paramecium ,Paramecium caudatum,POE-1,Freshwater,318581,25,2.06
Krenek et al. 2012,Ciliates,Paramecium ,Paramecium caudatum,POE-1,Freshwater,318581,25,1.95
Krenek et al. 2012,Ciliates,Paramecium ,Paramecium caudatum,POE-1,Freshwater,318581,25,2.05
Krenek et al. 2012,Ciliates,Paramecium ,Paramecium caudatum,POE-1,Freshwater,318581,28,2.41
Krenek et al. 2012,Ciliates,Paramecium ,Paramecium caudatum,POE-1,Freshwater,318581,28,2.6
Krenek et al. 2012,Ciliates,Paramecium ,Paramecium caudatum,POE-1,Freshwater,318581,28,2.35
Krenek et al. 2012,Ciliates,Paramecium ,Paramecium caudatum,POE-1,Freshwater,318581,31,1.82
Krenek et al. 2012,Ciliates,Paramecium ,Paramecium caudatum,POE-1,Freshwater,318581,31,1.75
Krenek et al. 2012,Ciliates,Paramecium ,Paramecium caudatum,POE-1,Freshwater,318581,31,1.78
Krenek et al. 2012,Ciliates,Paramecium ,Paramecium caudatum,POE-1,Freshwater,318581,32.5,1.7
Krenek et al. 2012,Ciliates,Paramecium ,Paramecium caudatum,POE-1,Freshwater,318581,32.5,1.62
Krenek et al. 2012,Ciliates,Paramecium ,Paramecium caudatum,POE-1,Freshwater,318581,32.5,1.73
Krenek et al. 2012,Ciliates,Paramecium ,Paramecium caudatum,POE-1,Freshwater,318581,34,-0.57
Krenek et al. 2012,Ciliates,Paramecium ,Paramecium caudatum,POE-1,Freshwater,318581,34,-0.08
Krenek et al. 2012,Ciliates,Paramecium ,Paramecium caudatum,POE-1,Freshwater,318581,34,-0.04
Krenek et al. 2012,Ciliates,Paramecium ,Paramecium caudatum,IT-1,Freshwater,318581,7,0.18
Krenek et al. 2012,Ciliates,Paramecium ,Paramecium caudatum,IT-1,Freshwater,318581,7,0.24
Krenek et al. 2012,Ciliates,Paramecium ,Paramecium caudatum,IT-1,Freshwater,318581,7,0.25
Krenek et al. 2012,Ciliates,Paramecium ,Paramecium caudatum,IT-1,Freshwater,318581,13,0.49
Krenek et al. 2012,Ciliates,Paramecium ,Paramecium caudatum,IT-1,Freshwater,318581,13,0.5
Krenek et al. 2012,Ciliates,Paramecium ,Paramecium caudatum,IT-1,Freshwater,318581,13,0.47
Krenek et al. 2012,Ciliates,Paramecium ,Paramecium caudatum,IT-1,Freshwater,318581,19,1.06
Krenek et al. 2012,Ciliates,Paramecium ,Paramecium caudatum,IT-1,Freshwater,318581,19,0.84
Krenek et al. 2012,Ciliates,Paramecium ,Paramecium caudatum,IT-1,Freshwater,318581,19,0.96
Krenek et al. 2012,Ciliates,Paramecium ,Paramecium caudatum,IT-1,Freshwater,318581,25,1.73
Krenek et al. 2012,Ciliates,Paramecium ,Paramecium caudatum,IT-1,Freshwater,318581,25,1.71
Krenek et al. 2012,Ciliates,Paramecium ,Paramecium caudatum,IT-1,Freshwater,318581,25,1.63
Krenek et al. 2012,Ciliates,Paramecium ,Paramecium caudatum,IT-1,Freshwater,318581,28,1.93
Krenek et al. 2012,Ciliates,Paramecium ,Paramecium caudatum,IT-1,Freshwater,318581,28,2.01
Krenek et al. 2012,Ciliates,Paramecium ,Paramecium caudatum,IT-1,Freshwater,318581,28,2.04
Krenek et al. 2012,Ciliates,Paramecium ,Paramecium caudatum,IT-1,Freshwater,318581,31,1.17
Krenek et al. 2012,Ciliates,Paramecium ,Paramecium caudatum,IT-1,Freshwater,318581,31,1.38
Krenek et al. 2012,Ciliates,Paramecium ,Paramecium caudatum,IT-1,Freshwater,318581,31,1.6
Krenek et al. 2012,Ciliates,Paramecium ,Paramecium caudatum,IT-1,Freshwater,318581,32.5,0.97
Krenek et al. 2012,Ciliates,Paramecium ,Paramecium caudatum,IT-1,Freshwater,318581,32.5,0.99
Krenek et al. 2012,Ciliates,Paramecium ,Paramecium caudatum,IT-1,Freshwater,318581,32.5,1
Krenek et al. 2012,Ciliates,Paramecium ,Paramecium caudatum,IT-1,Freshwater,318581,34,-1.03
Krenek et al. 2012,Ciliates,Paramecium ,Paramecium caudatum,IT-1,Freshwater,318581,34,-2.81
Krenek et al. 2012,Ciliates,Paramecium ,Paramecium caudatum,IT-1,Freshwater,318581,34,-3.25
Krenek et al. 2012,Ciliates,Paramecium ,Paramecium caudatum,FVC-2A,Freshwater,318581,7,0.22
Krenek et al. 2012,Ciliates,Paramecium ,Paramecium caudatum,FVC-2A,Freshwater,318581,7,0.26
Krenek et al. 2012,Ciliates,Paramecium ,Paramecium caudatum,FVC-2A,Freshwater,318581,7,0.24
Krenek et al. 2012,Ciliates,Paramecium ,Paramecium caudatum,FVC-2A,Freshwater,318581,13,0.51
Krenek et al. 2012,Ciliates,Paramecium ,Paramecium caudatum,FVC-2A,Freshwater,318581,13,0.56
Krenek et al. 2012,Ciliates,Paramecium ,Paramecium caudatum,FVC-2A,Freshwater,318581,13,0.59
Krenek et al. 2012,Ciliates,Paramecium ,Paramecium caudatum,FVC-2A,Freshwater,318581,19,1.16
Krenek et al. 2012,Ciliates,Paramecium ,Paramecium caudatum,FVC-2A,Freshwater,318581,19,1.28
Krenek et al. 2012,Ciliates,Paramecium ,Paramecium caudatum,FVC-2A,Freshwater,318581,19,1.21
Krenek et al. 2012,Ciliates,Paramecium ,Paramecium caudatum,FVC-2A,Freshwater,318581,25,1.98
Krenek et al. 2012,Ciliates,Paramecium ,Paramecium caudatum,FVC-2A,Freshwater,318581,25,2.02
Krenek et al. 2012,Ciliates,Paramecium ,Paramecium caudatum,FVC-2A,Freshwater,318581,25,1.93
Krenek et al. 2012,Ciliates,Paramecium ,Paramecium caudatum,FVC-2A,Freshwater,318581,28,2.48
Krenek et al. 2012,Ciliates,Paramecium ,Paramecium caudatum,FVC-2A,Freshwater,318581,28,2.47
Krenek et al. 2012,Ciliates,Paramecium ,Paramecium caudatum,FVC-2A,Freshwater,318581,28,2.13
Krenek et al. 2012,Ciliates,Paramecium ,Paramecium caudatum,FVC-2A,Freshwater,318581,31,1.66
Krenek et al. 2012,Ciliates,Paramecium ,Paramecium caudatum,FVC-2A,Freshwater,318581,31,1.95
Krenek et al. 2012,Ciliates,Paramecium ,Paramecium caudatum,FVC-2A,Freshwater,318581,31,1.76
Krenek et al. 2012,Ciliates,Paramecium ,Paramecium caudatum,FVC-2A,Freshwater,318581,32.5,1.43
Krenek et al. 2012,Ciliates,Paramecium ,Paramecium caudatum,FVC-2A,Freshwater,318581,32.5,1.38
Krenek et al. 2012,Ciliates,Paramecium ,Paramecium caudatum,FVC-2A,Freshwater,318581,32.5,1.49
Krenek et al. 2012,Ciliates,Paramecium ,Paramecium caudatum,FVC-2A,Freshwater,318581,34,-0.17
Krenek et al. 2012,Ciliates,Paramecium ,Paramecium caudatum,FVC-2A,Freshwater,318581,34,-0.16
Krenek et al. 2012,Ciliates,Paramecium ,Paramecium caudatum,FVC-2A,Freshwater,318581,34,-0.34
Krenek et al. 2012,Ciliates,Paramecium ,Paramecium caudatum,GRL-1,Freshwater,318581,7,0.16
Krenek et al. 2012,Ciliates,Paramecium ,Paramecium caudatum,GRL-1,Freshwater,318581,7,0.16
Krenek et al. 2012,Ciliates,Paramecium ,Paramecium caudatum,GRL-1,Freshwater,318581,7,0.17
Krenek et al. 2012,Ciliates,Paramecium ,Paramecium caudatum,GRL-1,Freshwater,318581,13,0.52
Krenek et al. 2012,Ciliates,Paramecium ,Paramecium caudatum,GRL-1,Freshwater,318581,13,0.46
Krenek et al. 2012,Ciliates,Paramecium ,Paramecium caudatum,GRL-1,Freshwater,318581,13,0.42
Krenek et al. 2012,Ciliates,Paramecium ,Paramecium caudatum,GRL-1,Freshwater,318581,19,1.09
Krenek et al. 2012,Ciliates,Paramecium ,Paramecium caudatum,GRL-1,Freshwater,318581,19,1.05
Krenek et al. 2012,Ciliates,Paramecium ,Paramecium caudatum,GRL-1,Freshwater,318581,19,1.01
Krenek et al. 2012,Ciliates,Paramecium ,Paramecium caudatum,GRL-1,Freshwater,318581,25,2.05
Krenek et al. 2012,Ciliates,Paramecium ,Paramecium caudatum,GRL-1,Freshwater,318581,25,1.54
Krenek et al. 2012,Ciliates,Paramecium ,Paramecium caudatum,GRL-1,Freshwater,318581,25,1.84
Krenek et al. 2012,Ciliates,Paramecium ,Paramecium caudatum,GRL-1,Freshwater,318581,28,2.45
Krenek et al. 2012,Ciliates,Paramecium ,Paramecium caudatum,GRL-1,Freshwater,318581,28,2.54
Krenek et al. 2012,Ciliates,Paramecium ,Paramecium caudatum,GRL-1,Freshwater,318581,28,2.28
Krenek et al. 2012,Ciliates,Paramecium ,Paramecium caudatum,GRL-1,Freshwater,318581,31,2.3
Krenek et al. 2012,Ciliates,Paramecium ,Paramecium caudatum,GRL-1,Freshwater,318581,31,2.31
Krenek et al. 2012,Ciliates,Paramecium ,Paramecium caudatum,GRL-1,Freshwater,318581,31,2.19
Krenek et al. 2012,Ciliates,Paramecium ,Paramecium caudatum,GRL-1,Freshwater,318581,32.5,1.99
Krenek et al. 2012,Ciliates,Paramecium ,Paramecium caudatum,GRL-1,Freshwater,318581,32.5,2.03
Krenek et al. 2012,Ciliates,Paramecium ,Paramecium caudatum,GRL-1,Freshwater,318581,32.5,2
Krenek et al. 2012,Ciliates,Paramecium ,Paramecium caudatum,GRL-1,Freshwater,318581,34,0.85
Krenek et al. 2012,Ciliates,Paramecium ,Paramecium caudatum,GRL-1,Freshwater,318581,34,0.85
Krenek et al. 2012,Ciliates,Paramecium ,Paramecium caudatum,GRL-1,Freshwater,318581,34,0.81
Krenek et al. 2012,Ciliates,Paramecium ,Paramecium caudatum,GRL-1,Freshwater,318581,35.5,-0.24
Krenek et al. 2012,Ciliates,Paramecium ,Paramecium caudatum,GRL-1,Freshwater,318581,35.5,-0.41
Krenek et al. 2012,Ciliates,Paramecium ,Paramecium caudatum,GRL-1,Freshwater,318581,35.5,-0.51
Krenek et al. 2012,Ciliates,Paramecium ,Paramecium caudatum,ESH-2,Freshwater,318581,7,0.23
Krenek et al. 2012,Ciliates,Paramecium ,Paramecium caudatum,ESH-2,Freshwater,318581,7,0.22
Krenek et al. 2012,Ciliates,Paramecium ,Paramecium caudatum,ESH-2,Freshwater,318581,7,0.3
Krenek et al. 2012,Ciliates,Paramecium ,Paramecium caudatum,ESH-2,Freshwater,318581,13,0.59
Krenek et al. 2012,Ciliates,Paramecium ,Paramecium caudatum,ESH-2,Freshwater,318581,13,0.65
Krenek et al. 2012,Ciliates,Paramecium ,Paramecium caudatum,ESH-2,Freshwater,318581,13,0.62
Krenek et al. 2012,Ciliates,Paramecium ,Paramecium caudatum,ESH-2,Freshwater,318581,19,0.93
Krenek et al. 2012,Ciliates,Paramecium ,Paramecium caudatum,ESH-2,Freshwater,318581,19,0.98
Krenek et al. 2012,Ciliates,Paramecium ,Paramecium caudatum,ESH-2,Freshwater,318581,19,1.02
Krenek et al. 2012,Ciliates,Paramecium ,Paramecium caudatum,ESH-2,Freshwater,318581,25,1.74
Krenek et al. 2012,Ciliates,Paramecium ,Paramecium caudatum,ESH-2,Freshwater,318581,25,1.7
Krenek et al. 2012,Ciliates,Paramecium ,Paramecium caudatum,ESH-2,Freshwater,318581,25,1.73
Krenek et al. 2012,Ciliates,Paramecium ,Paramecium caudatum,ESH-2,Freshwater,318581,28,2.36
Krenek et al. 2012,Ciliates,Paramecium ,Paramecium caudatum,ESH-2,Freshwater,318581,28,2.37
Krenek et al. 2012,Ciliates,Paramecium ,Paramecium caudatum,ESH-2,Freshwater,318581,28,2.42
Krenek et al. 2012,Ciliates,Paramecium ,Paramecium caudatum,ESH-2,Freshwater,318581,31,1.53
Krenek et al. 2012,Ciliates,Paramecium ,Paramecium caudatum,ESH-2,Freshwater,318581,31,1.57
Krenek et al. 2012,Ciliates,Paramecium ,Paramecium caudatum,ESH-2,Freshwater,318581,31,1.57
Krenek et al. 2012,Ciliates,Paramecium ,Paramecium caudatum,ESH-2,Freshwater,318581,32.5,0.23
Krenek et al. 2012,Ciliates,Paramecium ,Paramecium caudatum,ESH-2,Freshwater,318581,32.5,0.23
Krenek et al. 2012,Ciliates,Paramecium ,Paramecium caudatum,ESH-2,Freshwater,318581,32.5,0.12
Krenek et al. 2012,Ciliates,Paramecium ,Paramecium caudatum,ESH-2,Freshwater,318581,34,-1.34
Krenek et al. 2012,Ciliates,Paramecium ,Paramecium caudatum,ESH-2,Freshwater,318581,34,-1.98
Krenek et al. 2012,Ciliates,Paramecium ,Paramecium caudatum,ESH-2,Freshwater,318581,34,-1.44
Krenek et al. 2012,Ciliates,Paramecium ,Paramecium caudatum,INL-1,Freshwater,318581,7,-0.58
Krenek et al. 2012,Ciliates,Paramecium ,Paramecium caudatum,INL-1,Freshwater,318581,7,-0.46
Krenek et al. 2012,Ciliates,Paramecium ,Paramecium caudatum,INL-1,Freshwater,318581,7,-0.33
Krenek et al. 2012,Ciliates,Paramecium ,Paramecium caudatum,INL-1,Freshwater,318581,13,0.28
Krenek et al. 2012,Ciliates,Paramecium ,Paramecium caudatum,INL-1,Freshwater,318581,13,0.42
Krenek et al. 2012,Ciliates,Paramecium ,Paramecium caudatum,INL-1,Freshwater,318581,13,0.31
Krenek et al. 2012,Ciliates,Paramecium ,Paramecium caudatum,INL-1,Freshwater,318581,19,1.06
Krenek et al. 2012,Ciliates,Paramecium ,Paramecium caudatum,INL-1,Freshwater,318581,19,1.18
Krenek et al. 2012,Ciliates,Paramecium ,Paramecium caudatum,INL-1,Freshwater,318581,19,0.95
Krenek et al. 2012,Ciliates,Paramecium ,Paramecium caudatum,INL-1,Freshwater,318581,25,2.13
Krenek et al. 2012,Ciliates,Paramecium ,Paramecium caudatum,INL-1,Freshwater,318581,25,2.06
Krenek et al. 2012,Ciliates,Paramecium ,Paramecium caudatum,INL-1,Freshwater,318581,25,1.85
Krenek et al. 2012,Ciliates,Paramecium ,Paramecium caudatum,INL-1,Freshwater,318581,28,2.31
Krenek et al. 2012,Ciliates,Paramecium ,Paramecium caudatum,INL-1,Freshwater,318581,28,2.97
Krenek et al. 2012,Ciliates,Paramecium ,Paramecium caudatum,INL-1,Freshwater,318581,28,2.77
Krenek et al. 2012,Ciliates,Paramecium ,Paramecium caudatum,INL-1,Freshwater,318581,31,2.36
Krenek et al. 2012,Ciliates,Paramecium ,Paramecium caudatum,INL-1,Freshwater,318581,31,2.32
Krenek et al. 2012,Ciliates,Paramecium ,Paramecium caudatum,INL-1,Freshwater,318581,31,2.37
Krenek et al. 2012,Ciliates,Paramecium ,Paramecium caudatum,INL-1,Freshwater,318581,32.5,2.13
Krenek et al. 2012,Ciliates,Paramecium ,Paramecium caudatum,INL-1,Freshwater,318581,32.5,2.02
Krenek et al. 2012,Ciliates,Paramecium ,Paramecium caudatum,INL-1,Freshwater,318581,32.5,2
Krenek et al. 2012,Ciliates,Paramecium ,Paramecium caudatum,INL-1,Freshwater,318581,34,1.32
Krenek et al. 2012,Ciliates,Paramecium ,Paramecium caudatum,INL-1,Freshwater,318581,34,1.21
Krenek et al. 2012,Ciliates,Paramecium ,Paramecium caudatum,INL-1,Freshwater,318581,34,1.3
Krenek et al. 2012,Ciliates,Paramecium ,Paramecium caudatum,INL-1,Freshwater,318581,35.5,-0.28
Krenek et al. 2012,Ciliates,Paramecium ,Paramecium caudatum,INL-1,Freshwater,318581,35.5,-0.04
Krenek et al. 2012,Ciliates,Paramecium ,Paramecium caudatum,INL-1,Freshwater,318581,35.5,-0.38
Krenek et al. 2012,Ciliates,Paramecium ,Paramecium caudatum,INP-3,Freshwater,318581,7,-0.41
Krenek et al. 2012,Ciliates,Paramecium ,Paramecium caudatum,INP-3,Freshwater,318581,7,-0.2
Krenek et al. 2012,Ciliates,Paramecium ,Paramecium caudatum,INP-3,Freshwater,318581,7,-0.35
Krenek et al. 2012,Ciliates,Paramecium ,Paramecium caudatum,INP-3,Freshwater,318581,13,0.55
Krenek et al. 2012,Ciliates,Paramecium ,Paramecium caudatum,INP-3,Freshwater,318581,13,0.56
Krenek et al. 2012,Ciliates,Paramecium ,Paramecium caudatum,INP-3,Freshwater,318581,13,0.47
Krenek et al. 2012,Ciliates,Paramecium ,Paramecium caudatum,INP-3,Freshwater,318581,19,1.27
Krenek et al. 2012,Ciliates,Paramecium ,Paramecium caudatum,INP-3,Freshwater,318581,19,1.32
Krenek et al. 2012,Ciliates,Paramecium ,Paramecium caudatum,INP-3,Freshwater,318581,19,1.25
Krenek et al. 2012,Ciliates,Paramecium ,Paramecium caudatum,INP-3,Freshwater,318581,25,2.08
Krenek et al. 2012,Ciliates,Paramecium ,Paramecium caudatum,INP-3,Freshwater,318581,25,2.16
Krenek et al. 2012,Ciliates,Paramecium ,Paramecium caudatum,INP-3,Freshwater,318581,25,1.78
Krenek et al. 2012,Ciliates,Paramecium ,Paramecium caudatum,INP-3,Freshwater,318581,28,2.76
Krenek et al. 2012,Ciliates,Paramecium ,Paramecium caudatum,INP-3,Freshwater,318581,28,2.73
Krenek et al. 2012,Ciliates,Paramecium ,Paramecium caudatum,INP-3,Freshwater,318581,28,2.78
Krenek et al. 2012,Ciliates,Paramecium ,Paramecium caudatum,INP-3,Freshwater,318581,31,2.81
Krenek et al. 2012,Ciliates,Paramecium ,Paramecium caudatum,INP-3,Freshwater,318581,31,2.97
Krenek et al. 2012,Ciliates,Paramecium ,Paramecium caudatum,INP-3,Freshwater,318581,31,3.21
Krenek et al. 2012,Ciliates,Paramecium ,Paramecium caudatum,INP-3,Freshwater,318581,32.5,2.81
Krenek et al. 2012,Ciliates,Paramecium ,Paramecium caudatum,INP-3,Freshwater,318581,32.5,2.94
Krenek et al. 2012,Ciliates,Paramecium ,Paramecium caudatum,INP-3,Freshwater,318581,32.5,2.94
Krenek et al. 2012,Ciliates,Paramecium ,Paramecium caudatum,INP-3,Freshwater,318581,34,2.46
Krenek et al. 2012,Ciliates,Paramecium ,Paramecium caudatum,INP-3,Freshwater,318581,34,2.6
Krenek et al. 2012,Ciliates,Paramecium ,Paramecium caudatum,INP-3,Freshwater,318581,34,2.74
Krenek et al. 2012,Ciliates,Paramecium ,Paramecium caudatum,INP-3,Freshwater,318581,35.5,1.27
Krenek et al. 2012,Ciliates,Paramecium ,Paramecium caudatum,INP-3,Freshwater,318581,35.5,1.39
Krenek et al. 2012,Ciliates,Paramecium ,Paramecium caudatum,INP-3,Freshwater,318581,35.5,1.29
Krenek et al. 2012,Ciliates,Paramecium ,Paramecium caudatum,INK-1,Freshwater,318581,13,0.12
Krenek et al. 2012,Ciliates,Paramecium ,Paramecium caudatum,INK-1,Freshwater,318581,13,0.07
Krenek et al. 2012,Ciliates,Paramecium ,Paramecium caudatum,INK-1,Freshwater,318581,13,0.01
Krenek et al. 2012,Ciliates,Paramecium ,Paramecium caudatum,INK-1,Freshwater,318581,19,1.09
Krenek et al. 2012,Ciliates,Paramecium ,Paramecium caudatum,INK-1,Freshwater,318581,19,1.11
Krenek et al. 2012,Ciliates,Paramecium ,Paramecium caudatum,INK-1,Freshwater,318581,19,1.22
Krenek et al. 2012,Ciliates,Paramecium ,Paramecium caudatum,INK-1,Freshwater,318581,25,2.08
Krenek et al. 2012,Ciliates,Paramecium ,Paramecium caudatum,INK-1,Freshwater,318581,25,1.84
Krenek et al. 2012,Ciliates,Paramecium ,Paramecium caudatum,INK-1,Freshwater,318581,25,2.11
Krenek et al. 2012,Ciliates,Paramecium ,Paramecium caudatum,INK-1,Freshwater,318581,28,2.05
Krenek et al. 2012,Ciliates,Paramecium ,Paramecium caudatum,INK-1,Freshwater,318581,28,2.54
Krenek et al. 2012,Ciliates,Paramecium ,Paramecium caudatum,INK-1,Freshwater,318581,28,2.3
Krenek et al. 2012,Ciliates,Paramecium ,Paramecium caudatum,INK-1,Freshwater,318581,31,2.81
Krenek et al. 2012,Ciliates,Paramecium ,Paramecium caudatum,INK-1,Freshwater,318581,31,2.37
Krenek et al. 2012,Ciliates,Paramecium ,Paramecium caudatum,INK-1,Freshwater,318581,31,2.31
Krenek et al. 2012,Ciliates,Paramecium ,Paramecium caudatum,INK-1,Freshwater,318581,32.5,2.66
Krenek et al. 2012,Ciliates,Paramecium ,Paramecium caudatum,INK-1,Freshwater,318581,32.5,2.21
Krenek et al. 2012,Ciliates,Paramecium ,Paramecium caudatum,INK-1,Freshwater,318581,32.5,2.52
Krenek et al. 2012,Ciliates,Paramecium ,Paramecium caudatum,INK-1,Freshwater,318581,34,1.59
Krenek et al. 2012,Ciliates,Paramecium ,Paramecium caudatum,INK-1,Freshwater,318581,34,1.68
Krenek et al. 2012,Ciliates,Paramecium ,Paramecium caudatum,INK-1,Freshwater,318581,34,1.95
Krenek et al. 2012,Ciliates,Paramecium ,Paramecium caudatum,INK-1,Freshwater,318581,35.5,-0.2
Krenek et al. 2012,Ciliates,Paramecium ,Paramecium caudatum,INK-1,Freshwater,318581,35.5,-0.02
Krenek et al. 2012,Ciliates,Paramecium ,Paramecium caudatum,INK-1,Freshwater,318581,35.5,-0.12
Li et al. 2011,Ciliates,Condylostoma,Condylostoma spatiosum,CB,Marine,2292000,12,0.1605
Li et al. 2011,Ciliates,Condylostoma,Condylostoma spatiosum,CB,Marine,2127600,15,0.3145
Li et al. 2011,Ciliates,Condylostoma,Condylostoma spatiosum,CB,Marine,1963200,18,0.452
Li et al. 2011,Ciliates,Condylostoma,Condylostoma spatiosum,CB,Marine,1990600,21,0.65
Li et al. 2011,Ciliates,Condylostoma,Condylostoma spatiosum,CB,Marine,1360400,24,0.694
Li et al. 2010,Ciliates,Condylostoma,Condylostoma spatiosum,HHH,Marine,2000000,15,0.291
Li et al. 2010,Ciliates,Condylostoma,Condylostoma spatiosum,HHH,Marine,2000000,20,0.432
Li et al. 2010,Ciliates,Condylostoma,Condylostoma spatiosum,HHH,Marine,2000000,25,0.692
Luhring and DeLong 2016,Ciliates,Paramecium ,Paramecium aurelia ,HHG,Freshwater,253998,12,0
Luhring and DeLong 2016,Ciliates,Paramecium ,Paramecium aurelia ,HHG,Freshwater,253998,12,-1.63
Luhring and DeLong 2016,Ciliates,Paramecium ,Paramecium aurelia ,HHG,Freshwater,253998,12,0
Luhring and DeLong 2016,Ciliates,Paramecium ,Paramecium aurelia ,HHG,Freshwater,253998,16,0
Luhring and DeLong 2016,Ciliates,Paramecium ,Paramecium aurelia ,HHG,Freshwater,253998,16,0.251
Luhring and DeLong 2016,Ciliates,Paramecium ,Paramecium aurelia ,HHG,Freshwater,253998,16,0
Luhring and DeLong 2016,Ciliates,Paramecium ,Paramecium aurelia ,HHG,Freshwater,253998,20,0.985
Luhring and DeLong 2016,Ciliates,Paramecium ,Paramecium aurelia ,HHG,Freshwater,253998,20,0.871
Luhring and DeLong 2016,Ciliates,Paramecium ,Paramecium aurelia ,HHG,Freshwater,253998,20,0.24
Luhring and DeLong 2016,Ciliates,Paramecium ,Paramecium aurelia ,HHG,Freshwater,253998,24,1.405
Luhring and DeLong 2016,Ciliates,Paramecium ,Paramecium aurelia ,HHG,Freshwater,253998,24,0.885
Luhring and DeLong 2016,Ciliates,Paramecium ,Paramecium aurelia ,HHG,Freshwater,253998,24,1.198
Luhring and DeLong 2016,Ciliates,Paramecium ,Paramecium aurelia ,HHG,Freshwater,253998,27,2.107
Luhring and DeLong 2016,Ciliates,Paramecium ,Paramecium aurelia ,HHG,Freshwater,253998,27,2.107
Luhring and DeLong 2016,Ciliates,Paramecium ,Paramecium aurelia ,HHG,Freshwater,253998,27,1.212
Luhring and DeLong 2016,Ciliates,Paramecium ,Paramecium aurelia ,HHG,Freshwater,253998,30,2.132
Luhring and DeLong 2016,Ciliates,Paramecium ,Paramecium aurelia ,HHG,Freshwater,253998,30,2.172
Luhring and DeLong 2016,Ciliates,Paramecium ,Paramecium aurelia ,HHG,Freshwater,253998,30,2.356
Luhring and DeLong 2016,Ciliates,Paramecium ,Paramecium aurelia ,HHG,Freshwater,253998,33,2.909
Luhring and DeLong 2016,Ciliates,Paramecium ,Paramecium aurelia ,HHG,Freshwater,253998,33,2.74
Luhring and DeLong 2016,Ciliates,Paramecium ,Paramecium aurelia ,HHG,Freshwater,253998,33,2.203
Luhring and DeLong 2016,Ciliates,Paramecium ,Paramecium aurelia ,HHG,Freshwater,253998,36,0.259
Luhring and DeLong 2016,Ciliates,Paramecium ,Paramecium aurelia ,HHG,Freshwater,253998,36,0
Luhring and DeLong 2016,Ciliates,Paramecium ,Paramecium aurelia ,HHG,Freshwater,253998,36,0.259
Luhring and DeLong 2017,Ciliates,Paramecium,Paramecium bursaria ,HHJ,Freshwater,272101,10,-0.246
Luhring and DeLong 2017,Ciliates,Paramecium,Paramecium bursaria ,HHJ,Freshwater,272101,10,-0.126
Luhring and DeLong 2017,Ciliates,Paramecium,Paramecium bursaria ,HHJ,Freshwater,272101,10,-0.126
Luhring and DeLong 2017,Ciliates,Paramecium,Paramecium bursaria ,HHJ,Freshwater,272101,10,-0.163
Luhring and DeLong 2017,Ciliates,Paramecium,Paramecium bursaria ,HHJ,Freshwater,272101,10,-0.246
Luhring and DeLong 2017,Ciliates,Paramecium,Paramecium bursaria ,HHJ,Freshwater,272101,10,-0.126
Luhring and DeLong 2017,Ciliates,Paramecium,Paramecium bursaria ,HHJ,Freshwater,272101,19,0.313
Luhring and DeLong 2017,Ciliates,Paramecium,Paramecium bursaria ,HHJ,Freshwater,272101,19,0.341
Luhring and DeLong 2017,Ciliates,Paramecium,Paramecium bursaria ,HHJ,Freshwater,272101,19,0.283
Luhring and DeLong 2017,Ciliates,Paramecium,Paramecium bursaria ,HHJ,Freshwater,272101,19,0.252
Luhring and DeLong 2017,Ciliates,Paramecium,Paramecium bursaria ,HHJ,Freshwater,272101,19,0.235
Luhring and DeLong 2017,Ciliates,Paramecium,Paramecium bursaria ,HHJ,Freshwater,272101,19,0.299
Luhring and DeLong 2017,Ciliates,Paramecium,Paramecium bursaria ,HHJ,Freshwater,272101,21,0.361
Luhring and DeLong 2017,Ciliates,Paramecium,Paramecium bursaria ,HHJ,Freshwater,272101,21,0.293
Luhring and DeLong 2017,Ciliates,Paramecium,Paramecium bursaria ,HHJ,Freshwater,272101,21,0.374
Luhring and DeLong 2017,Ciliates,Paramecium,Paramecium bursaria ,HHJ,Freshwater,272101,21,0.278
Luhring and DeLong 2017,Ciliates,Paramecium,Paramecium bursaria ,HHJ,Freshwater,272101,21,0.398
Luhring and DeLong 2017,Ciliates,Paramecium,Paramecium bursaria ,HHJ,Freshwater,272101,21,0.321
Luhring and DeLong 2017,Ciliates,Paramecium,Paramecium bursaria ,HHJ,Freshwater,272101,23,0.426
Luhring and DeLong 2017,Ciliates,Paramecium,Paramecium bursaria ,HHJ,Freshwater,272101,23,0.392
Luhring and DeLong 2017,Ciliates,Paramecium,Paramecium bursaria ,HHJ,Freshwater,272101,23,0.549
Luhring and DeLong 2017,Ciliates,Paramecium,Paramecium bursaria ,HHJ,Freshwater,272101,23,0.415
Luhring and DeLong 2017,Ciliates,Paramecium,Paramecium bursaria ,HHJ,Freshwater,272101,23,0.523
Luhring and DeLong 2017,Ciliates,Paramecium,Paramecium bursaria ,HHJ,Freshwater,272101,23,0.487
Luhring and DeLong 2017,Ciliates,Paramecium,Paramecium bursaria ,HHJ,Freshwater,272101,25,0.361
Luhring and DeLong 2017,Ciliates,Paramecium,Paramecium bursaria ,HHJ,Freshwater,272101,25,0.598
Luhring and DeLong 2017,Ciliates,Paramecium,Paramecium bursaria ,HHJ,Freshwater,272101,25,0.663
Luhring and DeLong 2017,Ciliates,Paramecium,Paramecium bursaria ,HHJ,Freshwater,272101,25,0.635
Luhring and DeLong 2017,Ciliates,Paramecium,Paramecium bursaria ,HHJ,Freshwater,272101,25,0.361
Luhring and DeLong 2017,Ciliates,Paramecium,Paramecium bursaria ,HHJ,Freshwater,272101,25,0.421
Luhring and DeLong 2017,Ciliates,Paramecium,Paramecium bursaria ,HHJ,Freshwater,272101,28,0.48
Luhring and DeLong 2017,Ciliates,Paramecium,Paramecium bursaria ,HHJ,Freshwater,272101,28,0.48
Luhring and DeLong 2017,Ciliates,Paramecium,Paramecium bursaria ,HHJ,Freshwater,272101,28,0.573
Luhring and DeLong 2017,Ciliates,Paramecium,Paramecium bursaria ,HHJ,Freshwater,272101,28,0.43
Luhring and DeLong 2017,Ciliates,Paramecium,Paramecium bursaria ,HHJ,Freshwater,272101,28,0.312
Luhring and DeLong 2017,Ciliates,Paramecium,Paramecium bursaria ,HHJ,Freshwater,272101,28,0.42
Luhring and DeLong 2017,Ciliates,Paramecium,Paramecium bursaria ,HHJ,Freshwater,272101,30,0.514
Luhring and DeLong 2017,Ciliates,Paramecium,Paramecium bursaria ,HHJ,Freshwater,272101,30,0.611
Luhring and DeLong 2017,Ciliates,Paramecium,Paramecium bursaria ,HHJ,Freshwater,272101,30,0.487
Luhring and DeLong 2017,Ciliates,Paramecium,Paramecium bursaria ,HHJ,Freshwater,272101,30,0.557
Luhring and DeLong 2017,Ciliates,Paramecium,Paramecium bursaria ,HHJ,Freshwater,272101,30,0.38
Luhring and DeLong 2017,Ciliates,Paramecium,Paramecium bursaria ,HHJ,Freshwater,272101,30,0.565
Luhring and DeLong 2017,Ciliates,Paramecium,Paramecium bursaria ,HHJ,Freshwater,272101,32,0.56
Luhring and DeLong 2017,Ciliates,Paramecium,Paramecium bursaria ,HHJ,Freshwater,272101,32,0.296
Luhring and DeLong 2017,Ciliates,Paramecium,Paramecium bursaria ,HHJ,Freshwater,272101,32,0.282
Luhring and DeLong 2017,Ciliates,Paramecium,Paramecium bursaria ,HHJ,Freshwater,272101,32,0.568
Luhring and DeLong 2017,Ciliates,Paramecium,Paramecium bursaria ,HHJ,Freshwater,272101,32,0.528
Luhring and DeLong 2017,Ciliates,Paramecium,Paramecium bursaria ,HHJ,Freshwater,272101,32,0.56
Luhring and DeLong 2017,Ciliates,Paramecium,Paramecium bursaria ,HHJ,Freshwater,272101,35,-0.026
Luhring and DeLong 2017,Ciliates,Paramecium,Paramecium bursaria ,HHJ,Freshwater,272101,35,-0.116
Luhring and DeLong 2017,Ciliates,Paramecium,Paramecium bursaria ,HHJ,Freshwater,272101,35,-0.084
Luhring and DeLong 2017,Ciliates,Paramecium,Paramecium bursaria ,HHJ,Freshwater,272101,35,-0.055
Luhring and DeLong 2017,Ciliates,Paramecium,Paramecium bursaria ,HHJ,Freshwater,272101,35,-0.321
Luhring and DeLong 2017,Ciliates,Paramecium,Paramecium bursaria ,HHJ,Freshwater,272101,35,-0.055
Walczynska et al. 2016,Ciliates,Coleps,Coleps hirtus,HHK,Freshwater,26118,10,0.256
Walczynska et al. 2016,Ciliates,Coleps,Coleps hirtus,HHK,Freshwater,26052,15,0.388
Walczynska et al. 2016,Ciliates,Coleps,Coleps hirtus,HHK,Freshwater,20750,20,0.769
Walczynska et al. 2016,Ciliates,Coleps,Coleps hirtus,HHK,Freshwater,21119,25,0.6
Walczynska et al. 2016,Ciliates,Coleps,Coleps hirtus,HHK,Freshwater,20750,25,1.183
Walczynska et al. 2016,Ciliates,Coleps,Coleps hirtus,HHK,Freshwater,17872,30,0.648
Walczynska et al. 2016,Ciliates,Coleps,Coleps hirtus,HHK,Freshwater,16148,30,0.931
Walczynska et al. 2016,Ciliates,Coleps,Coleps hirtus,HHK,Freshwater,22493,35,0.421
Zhang et al. 2000,Ciliates,Paranophrys,Paranophrys magna,CC,Marine,21271,8,1
Zhang et al. 2000,Ciliates,Paranophrys,Paranophrys magna,CC,Marine,21271,15,1.11
Zhang et al. 2000,Ciliates,Paranophrys,Paranophrys magna,CC,Marine,21271,22,1.73
Zhang et al. 2000,Ciliates,Paranophrys,Paranophrys magna,CC,Marine,21271,26,5.01
Zhang et al. 2000,Ciliates,Paranophrys,Paranophrys magna,CC,Marine,21271,30,5.19
Zhang et al. 2000,Ciliates,Paranophrys,Paranophrys magna,CC,Marine,21271,33,3.7
Zhang et al. 2008,Ciliates,Miamiensis,Miamiensis avidus,CD,Marine,778,7,0.91
Zhang et al. 2008,Ciliates,Miamiensis,Miamiensis avidus,CD,Marine,778,10,1.54
Zhang et al. 2008,Ciliates,Miamiensis,Miamiensis avidus,CD,Marine,778,15,1.936
Zhang et al. 2008,Ciliates,Miamiensis,Miamiensis avidus,CD,Marine,778,22,3.556
Zhang et al. 2008,Ciliates,Miamiensis,Miamiensis avidus,CD,Marine,778,25,3.628
Zhang et al. 2008,Ciliates,Miamiensis,Miamiensis avidus,CD,Marine,778,30,3.286
Zhang et al. 2008,Ciliates,Miamiensis,Miamiensis avidus,CD,Marine,778,35,1.126
Lyu et al unpublished,Ciliates,Tetrahymena,Tetrahymena piriformis,HHL,freshwater,16073,8,0.0626
Lyu et al unpublished,Ciliates,Tetrahymena,Tetrahymena piriformis,HHL,freshwater,16875,10,0.3336
Lyu et al unpublished,Ciliates,Tetrahymena,Tetrahymena piriformis,HHL,freshwater,14415,12,1.1407
Lyu et al unpublished,Ciliates,Tetrahymena,Tetrahymena piriformis,HHL,freshwater,14106,14,1.3766
Lyu et al unpublished,Ciliates,Tetrahymena,Tetrahymena piriformis,HHL,freshwater,14005,16,1.9867
Lyu et al unpublished,Ciliates,Tetrahymena,Tetrahymena piriformis,HHL,freshwater,12350,18.5,2.68
Lyu et al unpublished,Ciliates,Tetrahymena,Tetrahymena piriformis,HHL,freshwater,11470,20,2.928
Lyu et al unpublished,Ciliates,Tetrahymena,Tetrahymena piriformis,HHL,freshwater,9576,22,3.7789
Lyu et al unpublished,Ciliates,Tetrahymena,Tetrahymena piriformis,HHL,freshwater,9793,24,4.3772
Lyu et al unpublished,Ciliates,Tetrahymena,Tetrahymena piriformis,HHL,freshwater,7810,26,3.8011
Lyu et al unpublished,Ciliates,Tetrahymena,Tetrahymena piriformis,HHL,freshwater,9539,29,2.2296
Lyu et al unpublished,Ciliates,Tetrahymena,Tetrahymena piriformis,HHL,freshwater,9456,29,2.2905
Lyu et al unpublished,Ciliates,Tetrahymena,Tetrahymena piriformis,HHL,freshwater,9268,29,2.2781
Lyu et al unpublished,Ciliates,Tetrahymena,Tetrahymena piriformis,HHL,freshwater,7999,33,2.0409
Lyu et al unpublished,Ciliates,Tetrahymena,Tetrahymena thermophila,HHP,freshwater,2606,17.5,0.4436
Lyu et al unpublished,Ciliates,Tetrahymena,Tetrahymena thermophila,HHP,freshwater,5127,21,0.8731
Lyu et al unpublished,Ciliates,Tetrahymena,Tetrahymena thermophila,HHP,freshwater,9916,24,1.1309
Lyu et al unpublished,Ciliates,Tetrahymena,Tetrahymena thermophila,HHP,freshwater,11460,26,1.6301
Lyu et al unpublished,Ciliates,Tetrahymena,Tetrahymena thermophila,HHP,freshwater,17096,28,2.4413
Lyu et al unpublished,Ciliates,Tetrahymena,Tetrahymena thermophila,HHP,freshwater,21949,30.5,3.1035
Lyu et al unpublished,Ciliates,Tetrahymena,Tetrahymena thermophila,HHP,freshwater,25016,32,3.1691
Lyu et al unpublished,Ciliates,Tetrahymena,Tetrahymena thermophila,HHP,freshwater,28219,34,3.4001
Lyu et al unpublished,Ciliates,Tetrahymena,Tetrahymena thermophila,HHP,freshwater,28483,36,3.6052
Lyu et al unpublished,Ciliates,Tetrahymena,Tetrahymena thermophila,HHP,freshwater,32617,38,3.7539
Lyu et al unpublished,Ciliates,Tetrahymena,Tetrahymena thermophila,HHP,freshwater,29656,40,2.7521
Kimmance et al. 2006,Dinoflagellates,Oxyrrhis,Oxyrrhis marina,CA,Marine,9901,8,0.02
Kimmance et al. 2006,Dinoflagellates,Oxyrrhis,Oxyrrhis marina,CA,Marine,9901,8,0.189
Kimmance et al. 2006,Dinoflagellates,Oxyrrhis,Oxyrrhis marina,CA,Marine,6639,11,0.161
Kimmance et al. 2006,Dinoflagellates,Oxyrrhis,Oxyrrhis marina,CA,Marine,6639,11,0.495
Kimmance et al. 2006,Dinoflagellates,Oxyrrhis,Oxyrrhis marina,CA,Marine,5987,15,0.791
Kimmance et al. 2006,Dinoflagellates,Oxyrrhis,Oxyrrhis marina,CA,Marine,5987,15,0.877
Kimmance et al. 2006,Dinoflagellates,Oxyrrhis,Oxyrrhis marina,CA,Marine,5157,18,0.911
Kimmance et al. 2006,Dinoflagellates,Oxyrrhis,Oxyrrhis marina,CA,Marine,5157,18,0.858
Kimmance et al. 2006,Dinoflagellates,Oxyrrhis,Oxyrrhis marina,CA,Marine,4327,20,0.94
Kimmance et al. 2006,Dinoflagellates,Oxyrrhis,Oxyrrhis marina,CA,Marine,4327,20,1.183
Kimmance et al. 2006,Dinoflagellates,Oxyrrhis,Oxyrrhis marina,CA,Marine,3319,25,1.086
Kimmance et al. 2006,Dinoflagellates,Oxyrrhis,Oxyrrhis marina,CA,Marine,3319,25,1.138
Kimmance et al. 2006,Dinoflagellates,Oxyrrhis,Oxyrrhis marina,CA,Marine,2666,28,0.785
Kimmance et al. 2006,Dinoflagellates,Oxyrrhis,Oxyrrhis marina,CA,Marine,2666,28,0.84
Baldock and Berger 1984,Amoebae,Amoeba,Amoeba algonquinensis,B,Freshwater,253291,5,0.12
Baldock and Berger 1984,Amoebae,Amoeba,Amoeba algonquinensis,B,Freshwater,253291,7.5,0.13
Baldock and Berger 1984,Amoebae,Amoeba,Amoeba algonquinensis,B,Freshwater,253291,10,0.23
Baldock and Berger 1984,Amoebae,Amoeba,Amoeba algonquinensis,B,Freshwater,253291,12,0.29
Baldock and Berger 1984,Amoebae,Saccamoeba,Saccamoeba limax,C,Freshwater,2940,5,0.24
Baldock and Berger 1984,Amoebae,Saccamoeba,Saccamoeba limax,C,Freshwater,2940,7.5,0.53
Baldock and Berger 1984,Amoebae,Saccamoeba,Saccamoeba limax,C,Freshwater,2940,10,0.62
Baldock and Berger 1984,Amoebae,Saccamoeba,Saccamoeba limax,C,Freshwater,2940,12,0.89
Baldock and Berger 1984,Amoebae,Vannella,Vannella sp.,D,Freshwater,10123,5,0.09
Baldock and Berger 1984,Amoebae,Vannella,Vannella sp.,D,Freshwater,10123,7.5,0.29
Baldock and Berger 1984,Amoebae,Vannella,Vannella sp.,D,Freshwater,10123,10,0.36
Baldock and Berger 1984,Amoebae,Vannella,Vannella sp.,D,Freshwater,10123,12,0.7
Baldock and Berger 1984,Amoebae,Vannella,Vannella sp.,E,Freshwater,10123,7.5,0.14
Baldock and Berger 1984,Amoebae,Vannella,Vannella sp.,E,Freshwater,10123,10,0.26
Baldock and Berger 1984,Amoebae,Vannella,Vannella sp.,E,Freshwater,10123,12,0.36
Baldock et al. 1980,Amoebae,Acanthamoeba,Acanthamoeba polyphaga,F,Freshwater,1190,10,1.1
Baldock et al. 1980,Amoebae,Acanthamoeba,Acanthamoeba polyphaga,F,Freshwater,1290,15,3.2
Baldock et al. 1980,Amoebae,Acanthamoeba,Acanthamoeba polyphaga,F,Freshwater,1200,20,3.6
Baldock et al. 1980,Amoebae,Acanthamoeba,Acanthamoeba polyphaga,F,Freshwater,1550,25,3
Baldock et al. 1980,Amoebae,Cochliopodium,Cochliopodium minus,G,Freshwater,4170,10,0.5
Baldock et al. 1980,Amoebae,Cochliopodium,Cochliopodium minus,G,Freshwater,3040,15,0.92
Baldock et al. 1980,Amoebae,Cochliopodium,Cochliopodium minus,G,Freshwater,2900,20,1.6
Baldock et al. 1980,Amoebae,Cochliopodium,Cochliopodium minus,G,Freshwater,2880,25,2.3
Baldock et al. 1980,Amoebae,Glaseria,Glaseria mira,H,Freshwater,372,10,1
Baldock et al. 1980,Amoebae,Glaseria,Glaseria mira,H,Freshwater,398,15,2.4
Baldock et al. 1980,Amoebae,Glaseria,Glaseria mira,H,Freshwater,378,20,2.4
Baldock et al. 1980,Amoebae,Glaseria,Glaseria mira,H,Freshwater,518,25,3.3
Baldock et al. 1980,Amoebae,Saccamoeba,Saccamoeba limax,I,Freshwater,4810,10,0.82
Baldock et al. 1980,Amoebae,Saccamoeba,Saccamoeba limax,I,Freshwater,9080,15,1.4
Baldock et al. 1980,Amoebae,Saccamoeba,Saccamoeba limax,I,Freshwater,4030,20,2.2
Baldock et al. 1980,Amoebae,Saccamoeba,Saccamoeba limax,I,Freshwater,5980,25,2
Baldock et al. 1980,Amoebae,Vanella,Vanella sp.,J,Freshwater,7610,10,0.56
Baldock et al. 1980,Amoebae,Vanella,Vanella sp.,J,Freshwater,6870,15,0.97
Baldock et al. 1980,Amoebae,Vanella,Vanella sp.,J,Freshwater,10200,20,1.5
Baldock et al. 1980,Amoebae,Vanella,Vanella sp.,J,Freshwater,6930,25,1.9
Baldock et al. 1980,Amoebae,Vexillifera,Vexillifera bacillipedes,K,Freshwater,305,15,1.9
Baldock et al. 1980,Amoebae,Vexillifera,Vexillifera bacillipedes,K,Freshwater,230,20,2.4
Baldock et al. 1980,Amoebae,Vexillifera,Vexillifera bacillipedes,K,Freshwater,410,25,3.2
Butler and Rogerson 1996,Amoebae,Clydonella,Clydonella rosenfieldi,L,Marine,700,5,0.23
Butler and Rogerson 1996,Amoebae,Clydonella,Clydonella rosenfieldi,L,Marine,469,10,0.29
Butler and Rogerson 1996,Amoebae,Clydonella,Clydonella rosenfieldi,L,Marine,308,15,0.63
Butler and Rogerson 1996,Amoebae,Clydonella,Clydonella rosenfieldi,L,Marine,385,20,1.34
Butler and Rogerson 1996,Amoebae,Dactylamoeba,Dactylamoeba sp.,M,Marine,3258,10,0.16
Butler and Rogerson 1996,Amoebae,Dactylamoeba,Dactylamoeba sp.,M,Marine,2832,15,0.2
Butler and Rogerson 1996,Amoebae,Dactylamoeba,Dactylamoeba sp.,M,Marine,1685,20,0.49
Butler and Rogerson 1996,Amoebae,Paraflabellula,Paraflabellula reniformis,N,Marine,437,5,0.26
Butler and Rogerson 1996,Amoebae,Paraflabellula,Paraflabellula reniformis,N,Marine,392,10,0.6
Butler and Rogerson 1996,Amoebae,Paraflabellula,Paraflabellula reniformis,N,Marine,587,15,0.84
Butler and Rogerson 1996,Amoebae,Paraflabellula,Paraflabellula reniformis,N,Marine,387,20,0.96
Butler and Rogerson 1996,Amoebae,Platyamoeba,Platyamoeba sp.,O,Marine,60,5,0.52
Butler and Rogerson 1996,Amoebae,Platyamoeba,Platyamoeba sp.,O,Marine,26,10,0.69
Butler and Rogerson 1996,Amoebae,Platyamoeba,Platyamoeba sp.,O,Marine,27,15,0.78
Butler and Rogerson 1996,Amoebae,Platyamoeba,Platyamoeba sp.,O,Marine,28,20,1.49
Butler and Rogerson 1996,Amoebae,Rhizamoeba,Platyamoeba sp.,P,Marine,430,5,0.13
Butler and Rogerson 1996,Amoebae,Rhizamoeba,Platyamoeba sp.,P,Marine,148,10,0.25
Butler and Rogerson 1996,Amoebae,Rhizamoeba,Platyamoeba sp.,P,Marine,57,15,0.31
Butler and Rogerson 1996,Amoebae,Rhizamoeba,Platyamoeba sp.,P,Marine,83,20,0.55
Butler and Rogerson 1996,Amoebae,Stereomyxa,Stereomyxa ramosa,Q,Marine,564,5,0.16
Butler and Rogerson 1996,Amoebae,Stereomyxa,Stereomyxa ramosa,Q,Marine,835,10,0.19
Butler and Rogerson 1996,Amoebae,Stereomyxa,Stereomyxa ramosa,Q,Marine,575,15,0.38
Butler and Rogerson 1996,Amoebae,Stereomyxa,Stereomyxa ramosa,Q,Marine,1453,20,0.37
Butler and Rogerson 1996,Amoebae,Vahlkampfia,Vahlkampfia baltica,R,Marine,566,5,0.23
Butler and Rogerson 1996,Amoebae,Vahlkampfia,Vahlkampfia baltica,R,Marine,361,10,0.26
Butler and Rogerson 1996,Amoebae,Vahlkampfia,Vahlkampfia baltica,R,Marine,283,15,0.71
Butler and Rogerson 1996,Amoebae,Vahlkampfia,Vahlkampfia baltica,R,Marine,301,20,1.05
Butler and Rogerson 1996,Amoebae,Vahlkampfia,Vahlkampfia damariscottae,S,Marine,68,5,0.26
Butler and Rogerson 1996,Amoebae,Vahlkampfia,Vahlkampfia damariscottae,S,Marine,154,10,0.8
Butler and Rogerson 1996,Amoebae,Vahlkampfia,Vahlkampfia damariscottae,S,Marine,83,15,0.77
Butler and Rogerson 1996,Amoebae,Vahlkampfia,Vahlkampfia damariscottae,S,Marine,45,20,1.32
Butler and Rogerson 1996,Amoebae,Vannella,Vannella caledonica,T,Marine,525,5,0.44
Butler and Rogerson 1996,Amoebae,Vannella,Vannella caledonica,T,Marine,431,10,0.6
Butler and Rogerson 1996,Amoebae,Vannella,Vannella caledonica,T,Marine,352,15,0.62
Butler and Rogerson 1996,Amoebae,Vannella,Vannella caledonica,T,Marine,300,20,0.7
Butler and Rogerson 1996,Amoebae,Vannella,Vannella sp.,U,Marine,46,5,0.31
Butler and Rogerson 1996,Amoebae,Vannella,Vannella sp.,U,Marine,37,10,0.41
Butler and Rogerson 1996,Amoebae,Vannella,Vannella sp.,U,Marine,41,15,0.76
Butler and Rogerson 1996,Amoebae,Vannella,Vannella sp.,U,Marine,38,20,1.09
Laybourn and Whymant 1980,Amoebae,Arcella,Arcella vulgaris,AO,Freshwater,185580,10,0.2
Laybourn and Whymant 1980,Amoebae,Arcella,Arcella vulgaris,AO,Freshwater,185580,15,0.22
Laybourn and Whymant 1980,Amoebae,Arcella,Arcella vulgaris,AO,Freshwater,185580,20,0.26
Laybourn and Whymant 1980,Amoebae,Arcella,Arcella vulgaris,AO,Freshwater,185580,25,0.26
Caron et al. 1986,Flagellates,Paraphysomonas,Paraphysomonas imperforata,V,Marine,266,14,1.37
Caron et al. 1986,Flagellates,Paraphysomonas,Paraphysomonas imperforata,V,Marine,224,18,1.92
Caron et al. 1986,Flagellates,Paraphysomonas,Paraphysomonas imperforata,V,Marine,228,22,2.52
Caron et al. 1986,Flagellates,Paraphysomonas,Paraphysomonas imperforata,V,Marine,210,26,4.04
Choi and Peters 1992,Flagellates,Paraphysomonas,Paraphysomonas imperforata,W,Marine,288,-1.5,0.77
Choi and Peters 1992,Flagellates,Paraphysomonas,Paraphysomonas imperforata,W,Marine,275,6,1.53
Choi and Peters 1992,Flagellates,Paraphysomonas,Paraphysomonas imperforata,W,Marine,258,15,2.34
Choi and Peters 1992,Flagellates,Paraphysomonas,Paraphysomonas imperforata,X,Marine,232,-1.5,0.53
Choi and Peters 1992,Flagellates,Paraphysomonas,Paraphysomonas imperforata,X,Marine,187,6,0.87
Choi and Peters 1992,Flagellates,Paraphysomonas,Paraphysomonas imperforata,X,Marine,192,15,2.73
Delaney 2003,Flagellates,Paraphysomonas,Paraphysomonas imperforata,Y,Marine,20,15,2.24
Delaney 2003,Flagellates,Paraphysomonas,Paraphysomonas imperforata,Y,Marine,20,10,0.91
Delaney 2003,Flagellates,Paraphysomonas,Paraphysomonas imperforata,Y,Marine,20,5,0.46
Delaney 2003,Flagellates,Paraphysomonas,Paraphysomonas imperforata,Y,Marine,20,0,0.36
Sherr et al. 1983,Flagellates,Monas,Monas sp.,BC,Freshwater,30,3,0.78
Sherr et al. 1983,Flagellates,Monas,Monas sp.,BC,Freshwater,30,18,3.1
Sherr et al. 1983,Flagellates,Monas,Monas sp.,BC,Freshwater,30,23.5,3.3
Sherr et al. 1983,Flagellates,Monas,Monas sp.,BC,Freshwater,30,30,1.3
Rose et al. 2009,Flagellates,Paraphysomonas,Paraphysomonas imperforata,BU,Marine,1.44,-0.1,0.4023
Rose et al. 2009,Flagellates,Paraphysomonas,Paraphysomonas imperforata,BU,Marine,1.44,5,1.473
Rose et al. 2009,Flagellates,Paraphysomonas,Paraphysomonas imperforata,BU,Marine,1.44,10,2.1951
Rose et al. 2009,Flagellates,Paraphysomonas,Paraphysomonas imperforata,BU,Marine,1.44,14.9,4.1124
Rose et al. 2009,Flagellates,Paraphysomonas,Paraphysomonas imperforata,BU,Marine,1.44,20,3.963
Lee and Hirayama 1992,Dinoflagellates,Noctiluca,Noctiluca scintillans ,NS,Marine,12000000,5,0.0864
Lee and Hirayama 1992,Dinoflagellates,Noctiluca,Noctiluca scintillans ,NS,Marine,12000000,10,0.2682
Lee and Hirayama 1992,Dinoflagellates,Noctiluca,Noctiluca scintillans ,NS,Marine,12000000,14,0.3582
Lee and Hirayama 1992,Dinoflagellates,Noctiluca,Noctiluca scintillans ,NS,Marine,12000000,18,0.4698
Lee and Hirayama 1992,Dinoflagellates,Noctiluca,Noctiluca scintillans ,NS,Marine,12000000,23,0.6624
Lee and Hirayama 1992,Dinoflagellates,Noctiluca,Noctiluca scintillans ,NS,Marine,12000000,28,0.3852
Lee and Hirayama 1992,Dinoflagellates,Noctiluca,Noctiluca scintillans ,NS,Marine,12000000,32,-0.0198
Franze and Menden-Deuer 2020,Dinoflagellates,Oxyrrhis,Oxyrrhis marina,OM,Marine,4575,0,0.054
Franze and Menden-Deuer 2020,Dinoflagellates,Oxyrrhis,Oxyrrhis marina,OM,Marine,4575,0,0.001
Franze and Menden-Deuer 2020,Dinoflagellates,Oxyrrhis,Oxyrrhis marina,OM,Marine,4575,0,0.002
Franze and Menden-Deuer 2020,Dinoflagellates,Oxyrrhis,Oxyrrhis marina,OM,Marine,6221,2,0.07
Franze and Menden-Deuer 2020,Dinoflagellates,Oxyrrhis,Oxyrrhis marina,OM,Marine,6221,2,0.195
Franze and Menden-Deuer 2020,Dinoflagellates,Oxyrrhis,Oxyrrhis marina,OM,Marine,6221,2,0.157
Franze and Menden-Deuer 2020,Dinoflagellates,Oxyrrhis,Oxyrrhis marina,OM,Marine,6022,5,0.16
Franze and Menden-Deuer 2020,Dinoflagellates,Oxyrrhis,Oxyrrhis marina,OM,Marine,6022,5,0.113
Franze and Menden-Deuer 2020,Dinoflagellates,Oxyrrhis,Oxyrrhis marina,OM,Marine,6022,5,0.154
Franze and Menden-Deuer 2020,Dinoflagellates,Oxyrrhis,Oxyrrhis marina,OM,Marine,8718,10,0.485
Franze and Menden-Deuer 2020,Dinoflagellates,Oxyrrhis,Oxyrrhis marina,OM,Marine,8718,10,0.327
Franze and Menden-Deuer 2020,Dinoflagellates,Oxyrrhis,Oxyrrhis marina,OM,Marine,8718,10,0.213
Franze and Menden-Deuer 2020,Dinoflagellates,Oxyrrhis,Oxyrrhis marina,OM,Marine,7287,15,0.521
Franze and Menden-Deuer 2020,Dinoflagellates,Oxyrrhis,Oxyrrhis marina,OM,Marine,7287,15,0.446
Franze and Menden-Deuer 2020,Dinoflagellates,Oxyrrhis,Oxyrrhis marina,OM,Marine,7287,15,0.386
Franze and Menden-Deuer 2020,Dinoflagellates,Oxyrrhis,Oxyrrhis marina,OM,Marine,3248,18,0.688
Franze and Menden-Deuer 2020,Dinoflagellates,Oxyrrhis,Oxyrrhis marina,OM,Marine,3248,18,0.449
Franze and Menden-Deuer 2020,Dinoflagellates,Oxyrrhis,Oxyrrhis marina,OM,Marine,3248,18,0.539
Franze and Menden-Deuer 2020,Dinoflagellates,Oxyrrhis,Oxyrrhis marina,OM,Marine,3119,22,0.87
Franze and Menden-Deuer 2020,Dinoflagellates,Oxyrrhis,Oxyrrhis marina,OM,Marine,3119,22,0.916
Franze and Menden-Deuer 2020,Dinoflagellates,Oxyrrhis,Oxyrrhis marina,OM,Marine,3119,22,1.09
Franze and Menden-Deuer 2020,Dinoflagellates,Gyrodinium,Gyrodinium dominans,GD,Marine,,5,-0.169
Franze and Menden-Deuer 2020,Dinoflagellates,Gyrodinium,Gyrodinium dominans,GD,Marine,,5,-0.03
Franze and Menden-Deuer 2020,Dinoflagellates,Gyrodinium,Gyrodinium dominans,GD,Marine,,5,-0.169
Franze and Menden-Deuer 2020,Dinoflagellates,Gyrodinium,Gyrodinium dominans,GD,Marine,3119,10,0.127
Franze and Menden-Deuer 2020,Dinoflagellates,Gyrodinium,Gyrodinium dominans,GD,Marine,3119,10,0.239
Franze and Menden-Deuer 2020,Dinoflagellates,Gyrodinium,Gyrodinium dominans,GD,Marine,3119,10,0.131
Franze and Menden-Deuer 2020,Dinoflagellates,Gyrodinium,Gyrodinium dominans,GD,Marine,2524,15,0.22
Franze and Menden-Deuer 2020,Dinoflagellates,Gyrodinium,Gyrodinium dominans,GD,Marine,2524,15,0.24
Franze and Menden-Deuer 2020,Dinoflagellates,Gyrodinium,Gyrodinium dominans,GD,Marine,2524,15,0.16
Franze and Menden-Deuer 2020,Dinoflagellates,Gyrodinium,Gyrodinium dominans,GD,Marine,1826,18,0.442
Franze and Menden-Deuer 2020,Dinoflagellates,Gyrodinium,Gyrodinium dominans,GD,Marine,1826,18,0.468
Franze and Menden-Deuer 2020,Dinoflagellates,Gyrodinium,Gyrodinium dominans,GD,Marine,1826,18,0.545
Franze and Menden-Deuer 2020,Dinoflagellates,Gyrodinium,Gyrodinium dominans,GD,Marine,1342,22,0.23
Franze and Menden-Deuer 2020,Dinoflagellates,Gyrodinium,Gyrodinium dominans,GD,Marine,1342,22,0.37
Franze and Menden-Deuer 2020,Dinoflagellates,Gyrodinium,Gyrodinium dominans,GD,Marine,1342,22,0.287
Franze and Menden-Deuer 2020,Dinoflagellates,Protoperidinium,Protoperidinium bipes,PB,Marine,,5,0.089
Franze and Menden-Deuer 2020,Dinoflagellates,Protoperidinium,Protoperidinium bipes,PB,Marine,,5,-0.128
Franze and Menden-Deuer 2020,Dinoflagellates,Protoperidinium,Protoperidinium bipes,PB,Marine,,5,0.035
Franze and Menden-Deuer 2020,Dinoflagellates,Protoperidinium,Protoperidinium bipes,PB,Marine,1072,10,0.368
Franze and Menden-Deuer 2020,Dinoflagellates,Protoperidinium,Protoperidinium bipes,PB,Marine,1072,10,0.293
Franze and Menden-Deuer 2020,Dinoflagellates,Protoperidinium,Protoperidinium bipes,PB,Marine,1072,10,0.296
Franze and Menden-Deuer 2020,Dinoflagellates,Protoperidinium,Protoperidinium bipes,PB,Marine,520,15,0.706
Franze and Menden-Deuer 2020,Dinoflagellates,Protoperidinium,Protoperidinium bipes,PB,Marine,520,15,0.721
Franze and Menden-Deuer 2020,Dinoflagellates,Protoperidinium,Protoperidinium bipes,PB,Marine,520,15,0.662
Franze and Menden-Deuer 2020,Dinoflagellates,Protoperidinium,Protoperidinium bipes,PB,Marine,895,18,0.442
Franze and Menden-Deuer 2020,Dinoflagellates,Protoperidinium,Protoperidinium bipes,PB,Marine,895,18,0.578
Franze and Menden-Deuer 2020,Dinoflagellates,Protoperidinium,Protoperidinium bipes,PB,Marine,895,18,0.538
Franze and Menden-Deuer 2020,Dinoflagellates,Protoperidinium,Protoperidinium bipes,PB,Marine,951,22,0.1
Franze and Menden-Deuer 2020,Dinoflagellates,Protoperidinium,Protoperidinium bipes,PB,Marine,951,22,0.316
Franze and Menden-Deuer 2020,Dinoflagellates,Protoperidinium,Protoperidinium bipes,PB,Marine,951,22,0.197